math,physics,chemistry,cs,coding_interest,analytical_interest,machine_interest,building_interest,electronics_interest,logic_aptitude,target_career
82,69,79,100,91,24,13,45,41,58,Data Science / AI
71,68,93,88,23,96,79,21,85,84,Electrical Engineering
67,80,63,66,13,21,37,39,74,33,Electrical Engineering
78,43,44,64,93,99,79,63,38,87,Cybersecurity
59,76,56,49,10,30,99,64,53,65,Mechanical Engineering
96,68,71,49,37,53,23,21,58,42,Civil Engineering
66,73,52,81,54,87,43,15,68,98,Data Science / AI
65,67,60,100,58,20,80,47,90,76,Cloud / DevOps
74,56,82,53,100,18,15,94,39,67,Software Development
78,42,50,78,39,22,58,45,68,76,Cybersecurity
86,74,68,69,57,55,36,95,44,39,Civil Engineering
52,61,63,94,87,91,31,78,41,50,Robotics / Automation
80,45,74,68,58,44,91,98,81,58,Electronics & Communication
64,81,85,91,17,39,14,50,61,64,Data Science / AI
62,67,74,92,37,82,50,37,93,93,Electrical Engineering
67,69,53,53,92,68,28,43,27,61,Electronics & Communication
87,92,68,93,78,43,84,64,84,81,Cybersecurity
80,62,75,100,38,27,75,73,21,36,Data Science / AI
74,95,40,89,29,90,30,97,64,38,Civil Engineering
76,67,71,40,59,58,86,69,77,62,Electrical Engineering
71,77,92,65,97,24,97,78,44,73,Software Development
62,64,83,80,47,65,30,68,10,63,Electronics & Communication
67,79,71,92,32,74,23,90,48,94,Civil Engineering
64,67,64,48,87,35,29,57,30,99,Electronics & Communication
79,75,70,70,10,86,51,72,12,44,Civil Engineering
53,65,64,60,56,49,40,17,40,40,Data Science / AI
72,78,98,78,72,18,78,26,26,90,Mechanical Engineering
78,70,41,74,43,77,87,64,37,99,Cloud / DevOps
75,100,67,80,49,61,95,93,57,86,Robotics / Automation
74,54,87,88,25,41,38,18,53,32,Electronics & Communication
86,58,91,49,39,85,38,10,19,37,Cloud / DevOps
83,100,55,64,18,14,52,19,75,60,Electronics & Communication
76,64,46,76,95,72,37,79,26,90,Data Science / AI
59,79,56,100,70,62,34,22,22,85,Civil Engineering
63,67,82,52,64,62,69,16,96,42,Software Development
78,91,45,78,61,53,23,41,34,54,Electronics & Communication
78,83,51,51,67,27,64,33,45,89,Cloud / DevOps
82,76,73,81,19,66,80,22,16,99,Mechanical Engineering
64,75,74,62,21,40,31,62,72,91,Cloud / DevOps
100,79,52,86,61,17,31,58,10,79,Mechanical Engineering
60,83,87,60,68,46,64,99,81,92,Civil Engineering
89,78,82,100,29,34,47,37,17,99,Software Development
71,60,56,60,50,17,16,84,71,94,Electrical Engineering
73,77,74,89,17,75,20,33,18,38,Cloud / DevOps
75,93,66,100,61,25,82,41,84,35,Mechanical Engineering
84,59,53,83,63,94,84,82,76,70,Electronics & Communication
71,82,77,73,36,95,50,40,43,80,Cybersecurity
62,49,63,90,95,92,48,68,50,39,Software Development
78,53,72,81,68,89,82,22,19,98,Cloud / DevOps
61,74,70,54,74,43,26,54,18,61,Civil Engineering
80,80,86,93,46,30,66,79,100,68,Electrical Engineering
54,57,77,84,95,80,48,94,23,47,Mechanical Engineering
82,100,78,95,24,23,80,29,44,66,Mechanical Engineering
89,81,65,88,53,36,97,91,43,94,Robotics / Automation
63,68,62,76,42,16,21,91,64,65,Civil Engineering
100,43,80,45,15,10,52,26,91,63,Electrical Engineering
67,88,70,55,66,80,100,64,81,31,Mechanical Engineering
64,82,59,78,19,98,29,79,14,77,Civil Engineering
75,62,100,86,84,80,28,65,26,35,Cybersecurity
44,74,60,90,56,15,55,36,97,61,Data Science / AI
63,70,77,90,55,81,62,89,29,60,Civil Engineering
56,66,62,63,30,32,62,13,32,72,Electrical Engineering
100,78,51,91,95,41,44,30,99,43,Cloud / DevOps
100,87,47,66,14,70,38,35,68,74,Mechanical Engineering
94,61,76,88,39,38,13,94,34,81,Civil Engineering
61,71,40,56,45,18,45,54,92,95,Electrical Engineering
71,53,94,49,96,78,52,13,24,63,Data Science / AI
68,73,91,49,84,43,14,23,86,85,Electronics & Communication
92,72,55,83,50,65,87,75,24,79,Mechanical Engineering
77,62,71,68,42,15,100,65,10,96,Electronics & Communication
76,81,93,52,97,95,35,56,65,38,Cybersecurity
100,42,67,85,89,50,94,25,48,94,Cybersecurity
79,62,66,66,95,62,51,61,99,67,Data Science / AI
66,84,75,62,34,63,95,58,96,52,Robotics / Automation
88,76,82,86,61,80,10,48,46,56,Electrical Engineering
62,63,81,85,84,87,93,51,69,86,Robotics / Automation
74,73,89,64,96,37,75,70,31,40,Cybersecurity
83,68,66,94,75,94,91,89,52,41,Civil Engineering
87,84,89,75,40,96,49,38,35,48,Software Development
85,67,74,72,15,41,70,88,19,88,Civil Engineering
76,80,57,100,63,90,83,34,99,79,Robotics / Automation
59,53,87,89,61,41,28,93,98,30,Data Science / AI
84,81,69,58,64,38,32,99,76,89,Electrical Engineering
76,61,84,72,81,41,25,68,27,89,Cybersecurity
62,67,76,64,66,88,74,64,80,87,Cybersecurity
62,75,73,65,70,67,43,41,91,65,Electronics & Communication
67,75,48,49,72,90,40,45,66,39,Mechanical Engineering
64,68,74,100,40,44,52,50,79,40,Cybersecurity
87,69,69,56,29,39,59,98,29,57,Civil Engineering
74,67,74,60,18,63,62,52,79,89,Electronics & Communication
82,94,68,82,17,36,63,59,84,32,Electronics & Communication
85,65,73,75,71,10,55,48,59,83,Electronics & Communication
76,60,70,83,79,87,38,72,38,64,Cloud / DevOps
96,86,100,61,72,13,59,53,95,81,Electrical Engineering
88,74,100,60,69,26,89,78,13,80,Mechanical Engineering
62,63,40,65,20,92,64,27,69,53,Software Development
63,74,75,100,43,58,51,37,68,71,Civil Engineering
89,63,56,83,58,45,63,42,20,90,Software Development
55,99,87,66,79,16,54,38,93,38,Software Development
49,92,68,97,13,41,35,12,89,49,Cloud / DevOps
51,63,70,75,26,70,95,24,82,57,Robotics / Automation
68,81,53,72,99,42,57,31,87,44,Electrical Engineering
76,79,80,54,49,23,84,13,49,78,Robotics / Automation
51,91,74,61,35,19,85,98,90,61,Mechanical Engineering
98,73,87,76,99,48,97,86,25,35,Cybersecurity
100,98,66,92,78,64,94,57,18,94,Cybersecurity
84,92,55,87,11,63,72,23,65,76,Robotics / Automation
90,45,52,40,100,29,65,32,76,64,Cloud / DevOps
70,82,92,76,69,65,85,44,51,61,Mechanical Engineering
99,51,44,74,45,67,41,69,82,78,Electronics & Communication
80,71,40,73,13,73,51,33,72,57,Electronics & Communication
55,82,75,58,43,53,45,86,99,65,Civil Engineering
67,56,69,92,81,11,76,34,20,60,Electrical Engineering
60,79,62,60,72,81,40,98,70,92,Civil Engineering
73,56,61,53,67,12,21,47,38,81,Cloud / DevOps
100,72,59,78,49,94,84,57,70,100,Robotics / Automation
73,68,79,88,64,80,52,55,99,88,Electronics & Communication
67,63,65,40,49,42,39,25,34,70,Data Science / AI
52,92,94,70,78,98,33,34,37,91,Mechanical Engineering
83,76,100,95,85,77,86,46,22,54,Cybersecurity
73,57,45,78,39,56,32,48,11,98,Cybersecurity
63,50,60,55,45,15,16,80,47,46,Robotics / Automation
100,85,69,100,23,11,83,46,70,91,Robotics / Automation
76,59,92,84,53,33,16,42,71,44,Electrical Engineering
59,69,56,50,61,72,19,83,90,36,Civil Engineering
88,100,49,85,29,29,82,48,20,61,Mechanical Engineering
65,64,61,59,81,63,87,86,89,58,Electronics & Communication
75,59,74,74,58,67,66,48,85,84,Electronics & Communication
71,58,61,88,82,89,17,88,22,56,Data Science / AI
82,57,71,88,43,94,20,30,40,52,Electronics & Communication
49,80,60,85,19,30,10,62,67,90,Mechanical Engineering
63,44,45,75,14,39,46,100,46,88,Data Science / AI
78,58,79,45,97,39,43,90,85,55,Cloud / DevOps
74,53,60,75,24,79,38,92,29,64,Cybersecurity
62,66,85,64,19,17,31,49,86,66,Robotics / Automation
87,55,77,100,25,69,98,48,99,81,Electronics & Communication
40,60,78,71,74,79,73,66,20,35,Electrical Engineering
80,62,71,72,51,87,42,13,21,59,Software Development
92,75,75,67,96,44,83,15,32,90,Cloud / DevOps
67,65,75,67,45,33,84,65,91,92,Electrical Engineering
79,100,83,69,70,54,62,52,51,43,Cybersecurity
93,65,40,56,52,62,98,73,46,81,Electronics & Communication
46,66,70,100,14,68,21,50,42,71,Data Science / AI
79,68,82,40,61,75,10,94,79,89,Electronics & Communication
78,83,47,95,16,34,76,56,89,93,Robotics / Automation
80,65,79,100,16,36,44,80,26,66,Robotics / Automation
77,75,63,59,99,72,25,13,90,60,Data Science / AI
87,59,71,66,49,80,11,80,62,41,Cloud / DevOps
82,77,85,65,24,69,25,92,29,93,Civil Engineering
70,57,63,81,47,75,100,44,63,91,Robotics / Automation
86,58,83,99,41,68,80,28,59,54,Electronics & Communication
81,100,58,52,27,18,45,63,53,94,Mechanical Engineering
48,94,79,73,10,46,48,85,84,92,Civil Engineering
79,55,100,77,29,67,78,71,54,72,Electronics & Communication
76,82,77,79,79,58,68,51,34,60,Cloud / DevOps
63,79,98,99,39,62,15,50,70,78,Electrical Engineering
98,64,55,72,94,93,29,73,14,46,Cybersecurity
75,88,44,100,22,66,22,77,68,31,Civil Engineering
72,65,54,45,28,62,93,29,19,90,Mechanical Engineering
87,73,50,51,53,89,98,60,93,40,Robotics / Automation
69,97,66,47,96,78,58,50,90,92,Electrical Engineering
71,67,40,74,89,18,40,90,97,66,Data Science / AI
71,82,97,95,21,65,22,91,100,42,Electronics & Communication
70,55,100,76,31,98,48,13,15,71,Software Development
75,71,72,72,47,55,57,65,28,61,Electronics & Communication
66,63,69,65,62,82,97,33,31,52,Data Science / AI
64,73,66,100,88,58,89,97,40,93,Mechanical Engineering
40,88,88,40,39,69,91,42,68,62,Mechanical Engineering
69,66,48,60,69,46,96,79,30,39,Civil Engineering
58,98,84,97,66,54,85,48,91,84,Robotics / Automation
85,55,62,83,68,48,35,59,71,43,Electrical Engineering
56,82,66,68,58,83,55,83,47,67,Civil Engineering
85,78,64,95,12,94,60,45,11,36,Robotics / Automation
58,81,78,69,46,39,87,55,38,54,Robotics / Automation
79,53,83,71,96,94,97,27,90,42,Software Development
67,87,59,49,49,66,14,84,56,46,Civil Engineering
51,81,50,100,21,47,51,63,32,55,Cybersecurity
43,97,73,73,79,56,77,74,44,51,Robotics / Automation
66,77,69,94,71,47,53,24,69,39,Cybersecurity
76,74,64,73,38,96,96,60,81,76,Mechanical Engineering
79,46,49,88,60,11,43,78,25,88,Civil Engineering
77,69,70,81,96,96,43,84,58,77,Software Development
66,60,72,57,96,39,70,13,89,71,Electrical Engineering
81,46,85,83,92,18,91,69,99,68,Cloud / DevOps
78,86,94,93,24,27,15,14,48,93,Data Science / AI
47,52,60,75,22,40,78,27,59,88,Civil Engineering
82,61,72,61,95,99,79,63,85,49,Cloud / DevOps
65,50,56,50,93,22,72,88,62,65,Software Development
60,87,55,100,98,57,37,66,66,60,Civil Engineering
82,74,57,87,22,97,57,79,92,75,Electrical Engineering
66,73,100,73,60,45,34,25,68,41,Cloud / DevOps
92,61,69,100,92,91,86,12,16,72,Data Science / AI
65,99,80,64,26,82,36,18,80,56,Cloud / DevOps
84,86,79,46,39,52,28,86,10,65,Civil Engineering
64,68,68,86,28,26,79,42,32,44,Software Development
77,51,75,85,26,11,55,40,85,71,Electrical Engineering
83,88,82,83,32,43,16,26,63,97,Data Science / AI
73,47,76,78,18,70,67,56,75,43,Electronics & Communication
79,52,53,93,74,38,88,15,94,96,Electronics & Communication
74,82,70,75,68,92,13,17,71,81,Electronics & Communication
89,64,71,66,97,23,72,66,19,40,Cybersecurity
68,67,73,66,87,28,18,26,45,100,Civil Engineering
93,58,67,67,58,86,77,47,68,94,Electrical Engineering
96,74,85,48,22,99,24,93,93,100,Electrical Engineering
79,85,71,94,65,67,39,62,53,88,Electrical Engineering
67,93,100,68,63,22,50,64,50,62,Civil Engineering
68,93,93,65,29,97,70,18,21,40,Data Science / AI
68,67,49,58,65,22,57,26,81,37,Electronics & Communication
59,60,69,79,95,25,62,55,95,84,Software Development
98,57,84,71,46,86,49,55,23,94,Cloud / DevOps
74,82,53,81,29,94,71,38,23,74,Robotics / Automation
77,79,74,100,24,45,83,38,64,33,Robotics / Automation
65,64,60,65,13,33,44,99,49,73,Civil Engineering
65,89,91,64,10,33,28,82,94,81,Civil Engineering
62,79,61,86,18,28,91,13,21,97,Mechanical Engineering
78,49,93,100,58,63,68,53,30,77,Mechanical Engineering
65,66,74,81,51,82,86,20,16,49,Cybersecurity
84,100,67,60,89,16,96,20,44,86,Cloud / DevOps
54,61,69,100,72,87,66,63,44,57,Electronics & Communication
67,75,69,96,24,54,65,24,46,92,Electronics & Communication
100,64,62,93,95,49,15,38,60,37,Software Development
85,99,78,68,36,48,37,27,42,67,Civil Engineering
83,88,82,84,25,10,73,65,32,46,Robotics / Automation
91,89,90,86,78,100,39,74,81,75,Software Development
72,74,88,60,60,15,65,12,68,39,Civil Engineering
80,66,70,98,83,64,83,61,100,83,Cybersecurity
77,72,49,88,24,61,12,51,31,88,Civil Engineering
84,100,65,78,21,65,23,41,65,81,Electronics & Communication
78,95,68,80,20,60,49,53,38,72,Cybersecurity
84,74,63,78,19,75,91,24,77,95,Mechanical Engineering
91,56,71,62,54,54,92,28,40,43,Cybersecurity
92,49,61,81,42,35,32,87,29,39,Cybersecurity
98,71,61,100,90,73,69,82,84,87,Cybersecurity
53,40,76,65,90,50,29,66,18,90,Robotics / Automation
59,82,73,64,90,48,45,85,17,75,Civil Engineering
55,85,79,73,74,19,49,69,67,34,Software Development
100,55,47,62,57,46,19,92,21,94,Electrical Engineering
74,75,66,81,69,84,80,15,67,54,Robotics / Automation
56,93,68,95,87,70,74,29,17,87,Mechanical Engineering
80,78,78,83,53,20,74,92,32,35,Mechanical Engineering
84,91,72,87,100,66,66,77,76,50,Cybersecurity
73,93,59,100,57,46,59,62,53,36,Civil Engineering
74,50,71,62,18,52,22,81,96,79,Electronics & Communication
87,62,63,40,42,94,87,29,52,40,Cybersecurity
68,40,46,88,54,49,93,99,94,80,Electrical Engineering
86,78,55,74,86,100,20,49,81,78,Cybersecurity
74,54,92,90,26,95,99,97,77,41,Electronics & Communication
71,72,73,40,75,56,12,56,49,53,Cloud / DevOps
71,61,54,69,53,72,34,38,27,49,Data Science / AI
100,81,61,85,47,22,74,79,77,34,Robotics / Automation
95,85,70,63,89,26,86,58,29,50,Data Science / AI
85,77,83,86,98,89,31,66,15,82,Cybersecurity
90,63,89,78,96,40,66,88,46,87,Data Science / AI
100,61,96,78,78,40,49,70,34,77,Cloud / DevOps
65,64,65,82,69,46,58,74,77,83,Cybersecurity
82,63,69,100,35,87,27,42,16,91,Civil Engineering
100,78,70,77,80,23,76,25,46,40,Data Science / AI
84,56,66,44,44,67,75,28,65,41,Cloud / DevOps
80,81,62,100,67,54,13,63,16,80,Electronics & Communication
56,50,73,93,57,40,59,20,57,58,Software Development
100,65,86,74,50,22,93,52,28,47,Software Development
72,85,79,46,46,70,99,27,100,90,Robotics / Automation
97,92,60,82,88,10,20,12,42,57,Data Science / AI
82,75,61,62,80,87,77,64,24,66,Data Science / AI
74,89,78,68,48,25,16,40,63,88,Data Science / AI
86,40,87,43,24,73,86,78,12,95,Cloud / DevOps
69,55,50,95,28,47,64,10,88,75,Electrical Engineering
67,77,69,83,83,63,33,95,95,40,Electronics & Communication
76,52,84,66,18,77,79,74,74,100,Electrical Engineering
51,65,92,90,59,70,15,91,59,77,Mechanical Engineering
69,66,65,100,12,55,18,54,40,43,Civil Engineering
80,78,85,79,27,15,55,79,53,52,Civil Engineering
71,69,68,74,97,69,99,71,90,53,Data Science / AI
85,72,80,73,18,68,14,47,35,35,Cloud / DevOps
76,42,83,81,15,50,49,75,60,99,Robotics / Automation
89,40,100,72,42,14,92,34,46,75,Software Development
91,56,79,56,93,52,44,25,57,85,Cloud / DevOps
65,100,67,78,66,59,53,33,73,93,Civil Engineering
88,79,72,81,76,44,20,64,20,85,Data Science / AI
100,71,73,93,79,47,51,23,20,71,Cybersecurity
91,89,79,54,49,67,87,64,31,86,Robotics / Automation
99,54,74,61,67,15,55,88,65,65,Software Development
74,76,74,82,19,95,91,61,56,95,Mechanical Engineering
99,78,66,92,13,28,87,96,66,34,Mechanical Engineering
92,53,78,87,18,40,92,56,56,79,Software Development
70,92,67,77,87,29,96,67,57,77,Robotics / Automation
72,72,53,49,19,83,27,77,56,80,Civil Engineering
98,59,55,40,50,93,45,41,24,33,Cybersecurity
65,52,94,93,73,76,59,81,25,63,Mechanical Engineering
64,100,84,69,100,67,37,88,46,92,Civil Engineering
40,100,49,45,35,25,27,19,67,52,Robotics / Automation
90,100,90,85,21,97,50,95,54,38,Civil Engineering
83,84,81,80,80,79,47,48,30,52,Cybersecurity
76,71,58,69,75,38,25,35,27,60,Robotics / Automation
49,70,55,55,13,56,80,83,57,89,Civil Engineering
77,92,83,46,80,26,88,21,18,69,Cloud / DevOps
60,86,55,70,71,77,62,62,83,39,Cybersecurity
83,57,71,50,50,92,19,67,69,96,Civil Engineering
65,76,46,82,26,80,91,85,33,46,Robotics / Automation
74,80,73,99,74,17,25,76,29,68,Civil Engineering
76,65,71,84,31,30,51,100,38,74,Electronics & Communication
75,72,59,63,46,20,42,35,91,100,Electronics & Communication
53,98,51,62,26,90,48,88,78,41,Civil Engineering
64,85,65,97,74,92,31,85,84,49,Civil Engineering
64,76,57,100,31,94,89,87,53,35,Mechanical Engineering
57,76,79,82,20,15,92,83,43,56,Robotics / Automation
72,70,70,72,89,91,13,73,90,99,Cybersecurity
89,100,61,50,92,48,71,41,97,81,Cybersecurity
73,100,57,100,68,19,98,17,30,86,Robotics / Automation
100,63,78,100,71,69,36,53,87,48,Electronics & Communication
69,68,61,56,50,54,61,26,57,95,Electronics & Communication
65,53,70,61,23,50,40,69,25,64,Robotics / Automation
78,48,74,90,41,28,22,16,47,79,Electrical Engineering
45,77,88,53,41,30,51,83,50,54,Civil Engineering
100,78,59,73,30,73,75,69,73,69,Robotics / Automation
83,73,78,58,12,21,60,74,68,60,Civil Engineering
77,50,68,58,37,84,55,16,16,66,Robotics / Automation
63,90,86,85,86,93,96,70,46,98,Mechanical Engineering
58,67,88,77,23,65,27,43,56,81,Civil Engineering
100,77,72,69,15,61,16,82,81,54,Electronics & Communication
77,69,80,92,80,46,19,59,74,87,Cybersecurity
63,52,42,84,89,97,88,25,26,42,Electrical Engineering
58,40,75,100,57,53,81,56,28,55,Electronics & Communication
74,84,71,73,61,74,15,15,14,47,Civil Engineering
88,67,74,80,70,76,68,29,87,95,Electrical Engineering
64,86,67,61,51,88,50,30,60,68,Civil Engineering
83,58,70,74,74,75,78,72,100,68,Electronics & Communication
91,79,69,89,12,57,52,96,24,83,Civil Engineering
95,80,70,51,84,49,98,90,13,90,Cybersecurity
59,67,60,71,93,84,83,39,16,91,Cybersecurity
75,79,68,83,77,90,89,58,28,61,Software Development
75,42,55,72,83,99,24,34,12,86,Cybersecurity
56,80,92,96,63,29,62,98,36,82,Civil Engineering
71,94,72,68,74,88,70,17,100,47,Electrical Engineering
65,67,64,78,81,51,94,71,77,78,Civil Engineering
77,72,76,96,50,32,68,78,53,99,Civil Engineering
89,49,40,91,55,96,97,92,98,63,Electronics & Communication
54,68,52,42,34,41,45,81,48,58,Civil Engineering
83,83,61,40,48,46,100,36,98,92,Robotics / Automation
66,77,47,78,71,54,81,45,46,45,Robotics / Automation
74,80,71,57,60,54,28,47,15,66,Data Science / AI
92,69,69,58,54,66,93,42,71,57,Electrical Engineering
68,58,67,100,78,44,81,99,44,47,Data Science / AI
54,47,92,71,88,85,40,41,16,97,Cloud / DevOps
64,87,60,100,91,39,16,22,62,72,Robotics / Automation
85,64,100,64,22,97,27,10,80,50,Electronics & Communication
86,76,89,100,93,70,71,93,35,66,Cybersecurity
75,60,76,62,46,92,17,21,93,59,Electrical Engineering
100,74,64,78,32,63,32,14,60,93,Cybersecurity
54,57,88,63,47,14,11,48,82,43,Civil Engineering
59,80,87,87,46,68,92,79,77,93,Mechanical Engineering
89,60,48,100,74,69,44,34,24,72,Cybersecurity
70,68,89,85,68,92,42,33,11,73,Mechanical Engineering
81,100,60,91,82,96,34,32,88,81,Cloud / DevOps
75,76,92,84,75,51,21,61,95,42,Electrical Engineering
83,88,64,59,27,71,51,41,10,63,Electrical Engineering
59,42,100,55,40,67,44,52,48,31,Mechanical Engineering
71,67,74,89,93,56,98,40,17,45,Cloud / DevOps
87,63,67,80,49,30,61,97,74,69,Electrical Engineering
71,96,77,88,91,47,57,88,38,58,Data Science / AI
84,89,72,51,71,29,68,87,57,83,Civil Engineering
80,62,62,85,99,80,70,78,95,57,Data Science / AI
93,72,74,100,97,86,20,77,67,97,Cybersecurity
78,100,78,43,19,82,24,17,80,94,Electrical Engineering
86,77,89,87,83,78,29,31,51,96,Cloud / DevOps
72,53,66,59,24,97,36,84,72,41,Electronics & Communication
66,80,95,82,17,68,26,75,63,88,Civil Engineering
57,78,87,64,82,17,81,69,96,69,Mechanical Engineering
72,72,58,86,60,42,10,37,84,39,Electrical Engineering
73,78,56,67,64,54,99,18,79,37,Mechanical Engineering
85,66,95,67,70,14,46,62,33,47,Electrical Engineering
78,85,48,43,57,58,67,58,58,40,Electronics & Communication
52,90,61,100,27,93,54,25,32,98,Electrical Engineering
66,74,93,100,77,26,38,10,12,68,Robotics / Automation
100,90,85,85,96,79,64,78,58,59,Data Science / AI
86,63,57,74,68,54,29,45,34,44,Software Development
72,65,80,92,94,63,88,12,40,56,Software Development
76,94,52,71,22,86,14,67,86,36,Electrical Engineering
64,44,68,72,15,61,66,39,79,57,Software Development
97,81,54,100,27,74,47,39,83,70,Electronics & Communication
93,80,66,57,40,48,28,94,76,58,Electronics & Communication
69,88,98,100,48,45,17,81,85,52,Electronics & Communication
67,55,72,43,81,73,16,54,92,78,Electronics & Communication
79,69,63,46,99,63,62,29,48,78,Data Science / AI
82,64,52,40,78,70,40,38,48,48,Cloud / DevOps
74,98,94,66,17,81,62,63,81,97,Electrical Engineering
65,79,55,80,59,41,42,36,52,40,Robotics / Automation
86,90,68,71,57,21,78,34,16,64,Robotics / Automation
61,59,66,81,96,87,87,15,19,54,Electronics & Communication
88,59,92,70,37,71,36,52,48,31,Cloud / DevOps
74,60,40,90,34,25,71,41,99,56,Electronics & Communication
86,67,71,84,40,80,51,46,58,89,Electronics & Communication
51,64,81,52,93,55,49,43,56,95,Robotics / Automation
79,51,76,74,69,22,70,50,36,77,Civil Engineering
50,89,58,60,62,15,82,38,28,32,Robotics / Automation
78,89,54,76,80,84,84,63,47,49,Data Science / AI
81,82,72,68,52,39,58,82,41,93,Civil Engineering
62,73,53,40,80,93,97,53,42,92,Robotics / Automation
81,85,40,56,68,31,55,31,27,99,Robotics / Automation
84,100,70,61,33,79,92,17,77,34,Mechanical Engineering
72,92,60,60,95,16,10,62,27,59,Software Development
67,57,71,100,100,29,11,37,74,88,Electronics & Communication
79,68,65,46,17,89,91,95,88,91,Electronics & Communication
88,70,67,100,12,10,78,80,62,31,Civil Engineering
79,60,63,95,12,77,45,78,46,32,Electronics & Communication
76,50,83,62,99,96,65,32,23,42,Data Science / AI
100,88,63,98,40,34,89,77,42,75,Robotics / Automation
76,84,77,59,60,20,57,61,68,61,Cloud / DevOps
65,87,64,67,48,97,20,93,93,34,Civil Engineering
60,78,100,55,21,61,58,58,80,90,Software Development
75,93,68,83,91,11,99,31,20,93,Cloud / DevOps
59,78,67,92,92,52,82,22,77,35,Mechanical Engineering
92,100,78,80,37,98,82,70,44,35,Mechanical Engineering
77,66,75,69,97,45,79,82,94,34,Data Science / AI
77,91,54,95,50,12,36,85,28,80,Civil Engineering
94,70,40,64,19,48,30,82,40,79,Civil Engineering
94,71,55,65,96,79,52,59,27,40,Cybersecurity
87,80,66,68,16,22,65,39,19,73,Electrical Engineering
69,58,94,69,51,13,91,44,67,92,Cloud / DevOps
93,94,84,67,55,80,58,65,33,78,Data Science / AI
81,71,56,80,89,47,41,19,20,64,Data Science / AI
57,89,63,78,58,91,29,59,50,76,Data Science / AI
79,68,78,66,21,10,49,66,56,64,Data Science / AI
88,51,71,100,26,21,33,65,67,95,Electrical Engineering
59,61,77,78,23,13,21,55,80,41,Civil Engineering
80,79,79,94,59,11,47,62,59,40,Electronics & Communication
81,68,80,100,41,83,76,31,97,78,Electrical Engineering
73,57,86,72,27,44,48,44,73,48,Electrical Engineering
42,84,61,73,31,65,45,63,48,91,Data Science / AI
79,74,80,67,56,42,41,90,73,55,Electronics & Communication
82,68,81,86,23,27,48,10,60,72,Electrical Engineering
60,88,61,89,52,66,52,65,93,47,Mechanical Engineering
80,99,66,68,51,87,98,35,71,70,Mechanical Engineering
74,67,81,45,60,50,47,98,91,92,Electrical Engineering
59,55,84,100,51,58,45,60,56,44,Cloud / DevOps
73,69,71,95,85,79,33,97,80,33,Cloud / DevOps
61,75,84,84,100,36,66,47,98,38,Electrical Engineering
77,87,40,87,96,73,27,91,48,60,Cybersecurity
65,44,77,99,94,29,64,58,19,87,Robotics / Automation
72,86,94,98,84,61,78,74,98,83,Software Development
99,83,71,46,56,99,78,86,91,40,Mechanical Engineering
71,59,100,71,41,94,95,55,31,35,Electrical Engineering
76,80,70,100,52,65,23,11,22,63,Cloud / DevOps
65,74,58,51,75,76,81,84,98,58,Robotics / Automation
65,71,63,62,57,60,69,96,85,94,Civil Engineering
53,70,47,88,29,54,13,71,23,67,Civil Engineering
76,50,65,61,63,20,24,28,54,69,Civil Engineering
79,92,41,77,68,36,76,71,54,90,Mechanical Engineering
72,82,73,61,66,99,67,50,18,68,Software Development
70,60,86,75,100,24,12,53,92,43,Electrical Engineering
100,71,59,47,41,76,32,80,30,72,Civil Engineering
47,48,74,84,81,64,69,39,61,53,Cybersecurity
51,85,62,77,91,94,65,60,13,55,Robotics / Automation
99,85,65,58,85,64,59,10,100,57,Data Science / AI
42,61,66,57,45,100,18,83,23,98,Cybersecurity
73,73,66,63,56,51,35,68,24,63,Robotics / Automation
77,78,53,100,77,91,50,86,59,80,Software Development
73,72,80,79,54,55,68,89,32,68,Civil Engineering
89,76,60,81,88,85,20,96,27,70,Software Development
57,73,69,71,40,49,24,33,57,48,Electronics & Communication
73,43,61,76,59,63,86,27,83,79,Electronics & Communication
77,56,88,59,33,72,91,78,98,52,Electrical Engineering
89,78,60,100,72,46,27,33,50,87,Software Development
57,85,85,62,55,11,72,27,34,79,Robotics / Automation
95,68,74,79,62,97,72,63,100,86,Electronics & Communication
72,84,81,43,31,20,82,13,38,67,Mechanical Engineering
94,47,85,95,45,38,78,46,31,88,Robotics / Automation
58,65,53,71,80,75,24,83,24,64,Electronics & Communication
70,83,89,100,56,79,15,66,79,57,Electronics & Communication
66,68,44,60,23,93,41,48,14,87,Mechanical Engineering
89,96,51,64,54,21,66,25,40,56,Civil Engineering
74,76,57,82,100,88,90,64,31,47,Data Science / AI
67,71,78,75,36,17,82,54,78,65,Mechanical Engineering
68,70,68,68,51,100,47,47,83,64,Electrical Engineering
71,95,78,69,27,62,17,45,93,46,Electrical Engineering
85,66,87,81,41,28,51,41,96,80,Electronics & Communication
73,78,46,54,28,83,90,44,90,83,Robotics / Automation
57,74,95,100,67,19,91,21,61,95,Robotics / Automation
84,79,42,65,98,57,68,72,51,30,Software Development
63,62,67,66,68,91,95,99,55,38,Electronics & Communication
45,83,53,79,60,37,64,37,73,64,Civil Engineering
100,58,40,69,46,53,80,83,26,92,Civil Engineering
91,100,51,83,97,16,15,22,90,88,Software Development
68,70,100,47,25,30,66,68,10,84,Cloud / DevOps
78,79,86,76,98,26,93,48,30,65,Software Development
79,66,74,68,93,56,42,20,57,51,Software Development
84,66,75,74,60,90,49,99,39,84,Civil Engineering
91,71,43,97,93,21,100,22,10,57,Cloud / DevOps
61,62,61,99,19,26,85,38,76,86,Software Development
42,100,85,79,11,99,53,25,64,46,Robotics / Automation
74,76,77,86,19,39,59,21,23,43,Civil Engineering
83,73,67,72,57,48,27,58,27,48,Data Science / AI
72,89,78,40,77,82,11,88,93,51,Cloud / DevOps
84,74,69,68,54,37,90,29,62,86,Mechanical Engineering
91,86,58,82,21,22,27,25,85,79,Electronics & Communication
60,51,60,90,64,50,27,41,45,40,Cloud / DevOps
89,79,80,84,80,86,86,87,46,33,Cybersecurity
65,78,82,88,36,76,87,75,34,80,Robotics / Automation
92,82,75,94,92,16,40,73,59,44,Data Science / AI
74,58,67,61,73,91,86,19,77,31,Electronics & Communication
64,69,58,69,50,26,59,82,63,76,Civil Engineering
46,75,70,60,79,97,32,70,19,32,Data Science / AI
84,86,45,61,11,43,37,15,17,80,Electronics & Communication
63,57,82,71,46,90,74,63,64,81,Data Science / AI
71,41,79,52,91,78,78,88,29,65,Software Development
75,76,90,51,49,20,75,36,29,98,Robotics / Automation
40,74,97,97,60,85,91,93,97,38,Robotics / Automation
78,64,82,57,99,65,40,17,41,41,Cloud / DevOps
82,79,85,100,24,68,88,87,17,69,Mechanical Engineering
80,64,69,43,25,11,100,27,99,31,Electrical Engineering
64,65,62,77,73,54,76,76,43,51,Civil Engineering
62,88,70,74,26,44,25,13,52,84,Mechanical Engineering
70,74,82,59,77,18,43,83,90,39,Electronics & Communication
65,67,49,60,68,75,56,17,73,51,Civil Engineering
67,85,73,78,30,42,23,83,96,44,Electrical Engineering
87,69,75,73,75,10,15,11,41,35,Robotics / Automation
78,63,40,72,56,59,29,32,14,100,Electrical Engineering
96,85,84,97,38,51,41,63,50,64,Data Science / AI
76,74,60,69,83,57,25,74,96,36,Data Science / AI
84,90,67,66,38,76,15,61,18,89,Mechanical Engineering
75,81,48,40,49,51,21,80,68,31,Civil Engineering
66,53,62,72,57,35,47,82,48,61,Robotics / Automation
68,93,74,80,57,85,73,35,79,61,Mechanical Engineering
84,54,85,73,10,62,13,39,79,74,Electrical Engineering
85,55,46,89,52,10,94,58,49,43,Cloud / DevOps
80,58,56,95,77,40,63,72,17,48,Cybersecurity
57,96,56,86,21,15,39,76,62,77,Civil Engineering
70,81,61,72,68,20,84,22,74,47,Robotics / Automation
75,56,81,65,19,85,82,17,65,46,Cloud / DevOps
71,57,40,71,47,43,50,60,99,71,Electronics & Communication
100,83,69,70,67,44,39,19,35,47,Data Science / AI
75,80,52,95,29,23,31,67,69,70,Electrical Engineering
85,82,76,75,25,78,55,36,67,69,Robotics / Automation
85,80,64,64,43,25,21,30,97,68,Electrical Engineering
76,95,51,48,37,51,28,21,41,75,Electrical Engineering
77,72,72,79,75,16,96,48,43,52,Mechanical Engineering
71,94,45,60,61,67,81,80,41,42,Robotics / Automation
73,47,67,100,23,27,25,11,17,58,Cybersecurity
75,75,51,63,35,61,57,97,90,40,Electronics & Communication
69,67,89,85,19,12,18,35,92,86,Electrical Engineering
58,75,77,95,21,52,25,15,69,36,Cybersecurity
98,56,57,52,83,65,60,73,13,78,Cloud / DevOps
71,78,84,73,32,55,37,33,45,65,Robotics / Automation
70,74,57,100,29,14,88,89,88,61,Robotics / Automation
50,74,100,75,73,62,80,71,17,41,Robotics / Automation
72,66,67,99,59,27,63,35,92,97,Electrical Engineering
41,95,48,70,90,79,12,58,55,91,Electronics & Communication
68,80,46,83,72,54,82,74,51,79,Robotics / Automation
100,51,72,63,33,13,50,86,38,33,Mechanical Engineering
81,72,60,83,17,70,77,55,84,59,Mechanical Engineering
100,69,80,51,22,41,94,40,44,98,Software Development
60,79,92,81,38,83,59,55,32,52,Cloud / DevOps
70,71,51,85,85,50,99,55,85,33,Robotics / Automation
88,65,62,79,82,82,28,82,34,93,Cybersecurity
68,71,100,70,32,72,14,21,17,59,Cloud / DevOps
69,62,81,71,12,77,71,10,52,55,Cybersecurity
65,91,91,64,53,32,51,17,12,48,Cybersecurity
47,87,59,89,24,77,56,19,57,80,Data Science / AI
45,85,51,88,53,48,51,27,30,85,Robotics / Automation
75,57,63,87,93,50,32,100,81,75,Data Science / AI
76,80,99,46,95,85,32,58,49,67,Data Science / AI
99,73,56,51,32,10,99,83,60,34,Mechanical Engineering
72,85,68,100,87,50,88,38,91,43,Cloud / DevOps
53,71,51,81,28,52,19,40,54,70,Cybersecurity
88,65,40,78,91,21,100,95,91,72,Cloud / DevOps
81,78,88,55,11,43,36,41,98,38,Electronics & Communication
85,89,43,80,42,23,10,16,59,86,Electrical Engineering
67,70,75,66,31,62,73,58,54,99,Electrical Engineering
64,72,53,55,22,71,83,93,97,58,Mechanical Engineering
85,54,79,83,67,19,14,47,12,70,Mechanical Engineering
49,61,87,57,23,19,53,31,58,50,Data Science / AI
68,78,81,70,80,21,53,86,88,91,Electrical Engineering
66,93,96,92,65,93,31,87,65,50,Civil Engineering
76,59,57,84,16,22,52,36,34,82,Electronics & Communication
81,93,79,47,79,43,94,46,48,60,Software Development
90,57,64,79,16,60,83,80,72,49,Electrical Engineering
100,100,79,71,56,10,64,21,47,91,Cloud / DevOps
83,85,65,100,22,13,36,31,91,67,Electrical Engineering
78,79,79,82,70,24,49,60,70,92,Mechanical Engineering
87,62,61,55,21,92,79,59,33,77,Electrical Engineering
81,83,76,100,57,33,67,15,43,86,Robotics / Automation
74,82,53,68,43,38,44,82,17,49,Civil Engineering
85,84,65,73,99,95,22,20,95,74,Cloud / DevOps
52,66,83,85,85,39,80,17,59,96,Electrical Engineering
82,72,70,63,78,97,70,83,40,90,Cybersecurity
85,78,77,65,20,60,14,74,83,96,Electrical Engineering
42,88,62,59,25,67,32,31,37,54,Cybersecurity
85,66,85,86,15,64,20,97,65,55,Civil Engineering
85,51,88,79,90,28,86,43,50,38,Software Development
69,74,43,82,59,81,60,80,51,65,Civil Engineering
59,51,47,95,76,68,11,99,89,96,Electrical Engineering
65,95,61,44,24,63,29,28,82,42,Data Science / AI
58,90,67,65,82,22,46,78,54,82,Civil Engineering
77,79,86,100,43,59,93,72,83,90,Mechanical Engineering
69,52,63,79,32,45,61,28,89,81,Electrical Engineering
60,57,75,74,60,52,98,40,16,90,Mechanical Engineering
75,60,66,58,57,12,53,48,49,65,Robotics / Automation
88,87,42,58,99,97,22,39,27,68,Cloud / DevOps
52,62,68,48,51,44,63,87,92,41,Cloud / DevOps
61,56,73,76,66,37,62,72,76,77,Software Development
64,74,61,70,75,30,18,49,100,94,Electrical Engineering
100,92,50,89,27,77,82,13,32,54,Mechanical Engineering
87,54,82,100,17,41,14,68,16,76,Cloud / DevOps
58,58,85,79,45,57,69,74,60,45,Software Development
83,77,75,51,40,57,72,86,67,52,Robotics / Automation
90,89,66,74,85,80,54,54,30,63,Software Development
52,79,78,73,46,13,59,16,30,57,Cloud / DevOps
91,66,78,56,92,38,96,36,44,82,Software Development
74,69,73,68,97,11,70,26,92,52,Software Development
73,84,63,46,38,42,87,49,100,65,Robotics / Automation
100,92,50,87,58,54,68,42,37,89,Mechanical Engineering
67,75,74,70,96,76,89,60,84,43,Mechanical Engineering
63,61,56,60,75,94,57,81,92,66,Mechanical Engineering
73,61,80,100,97,23,71,18,53,65,Cybersecurity
66,75,77,83,45,43,93,93,48,54,Mechanical Engineering
76,83,77,52,76,40,17,86,61,70,Data Science / AI
88,85,58,75,13,93,73,47,43,83,Robotics / Automation
85,68,86,100,59,14,84,100,83,54,Electronics & Communication
63,51,74,87,38,97,78,91,70,75,Electronics & Communication
71,93,49,87,48,31,94,81,33,67,Mechanical Engineering
65,97,99,61,70,26,43,81,33,72,Civil Engineering
66,84,64,74,93,21,38,55,38,69,Electrical Engineering
75,43,69,62,52,57,43,84,47,89,Data Science / AI
67,93,51,89,70,16,91,84,84,39,Robotics / Automation
70,67,81,81,34,74,25,97,58,97,Civil Engineering
83,86,65,63,48,62,16,29,27,55,Civil Engineering
58,59,100,97,62,82,68,28,50,53,Data Science / AI
54,52,77,84,72,52,90,32,50,37,Software Development
83,68,68,80,67,45,36,31,83,50,Electronics & Communication
76,40,66,59,21,26,88,65,91,84,Electronics & Communication
77,100,75,69,64,71,59,10,14,98,Cloud / DevOps
88,79,76,85,57,11,51,77,34,32,Civil Engineering
100,55,77,58,96,10,90,41,38,74,Cybersecurity
83,58,63,69,26,23,59,74,85,69,Electrical Engineering
89,85,51,75,18,15,48,47,68,96,Electronics & Communication
64,53,66,69,53,65,97,27,53,92,Civil Engineering
100,78,49,64,34,31,61,12,39,58,Cybersecurity
90,100,46,41,37,12,85,74,31,45,Robotics / Automation
100,77,56,84,93,14,58,91,42,98,Software Development
40,72,74,91,86,16,94,23,93,32,Mechanical Engineering
59,73,56,79,98,24,63,66,58,45,Electronics & Communication
61,65,55,86,42,70,99,29,36,31,Mechanical Engineering
87,68,70,48,63,94,22,94,76,64,Electrical Engineering
70,71,100,54,63,23,75,89,25,66,Mechanical Engineering
96,86,74,100,23,73,35,87,35,63,Civil Engineering
80,77,69,97,76,35,55,100,62,67,Data Science / AI
91,62,50,71,15,80,73,36,98,91,Electronics & Communication
62,71,88,66,40,10,11,95,21,44,Civil Engineering
74,72,82,40,83,95,73,29,21,95,Software Development
65,75,88,66,22,42,92,39,68,67,Robotics / Automation
46,81,60,53,69,16,22,32,15,67,Civil Engineering
65,69,60,40,96,50,64,24,22,35,Software Development
88,91,79,54,27,94,92,31,52,75,Robotics / Automation
71,71,78,87,89,44,21,57,53,53,Software Development
63,73,76,100,61,61,68,44,59,91,Electrical Engineering
85,83,71,100,93,31,24,26,99,37,Data Science / AI
81,59,91,87,23,63,85,71,82,86,Electrical Engineering
68,64,74,83,88,58,55,88,13,46,Robotics / Automation
77,76,95,94,72,24,62,66,15,38,Mechanical Engineering
77,86,54,82,93,50,11,100,96,97,Data Science / AI
100,68,57,63,95,53,76,76,98,42,Cloud / DevOps
58,60,64,49,94,41,71,54,94,79,Cybersecurity
75,85,56,100,81,88,16,11,92,50,Cloud / DevOps
82,87,60,90,73,31,19,72,51,60,Civil Engineering
58,85,72,84,52,45,16,74,38,100,Civil Engineering
57,58,78,57,92,58,61,40,20,88,Robotics / Automation
81,51,82,52,83,67,21,73,67,70,Software Development
83,81,59,85,73,93,12,23,61,82,Software Development
78,63,54,40,81,80,10,21,87,68,Data Science / AI
80,48,71,70,93,95,68,53,56,36,Data Science / AI
85,67,65,88,68,52,81,89,86,90,Electronics & Communication
80,76,77,47,67,24,22,94,38,30,Civil Engineering
86,81,54,70,53,55,91,47,80,96,Robotics / Automation
74,69,75,100,99,23,15,31,73,47,Cloud / DevOps
91,52,79,98,23,42,88,35,34,45,Electrical Engineering
80,88,100,93,37,68,34,53,23,83,Software Development
78,87,72,75,91,96,85,25,67,88,Data Science / AI
69,95,57,100,73,10,77,16,80,85,Robotics / Automation
82,51,75,40,75,32,98,84,32,46,Data Science / AI
84,85,61,77,59,94,86,87,51,94,Robotics / Automation
100,64,54,100,63,87,98,41,45,80,Civil Engineering
100,72,85,99,47,67,27,27,62,95,Mechanical Engineering
63,64,88,100,99,80,50,80,90,57,Cloud / DevOps
83,58,99,65,36,89,47,97,54,46,Cybersecurity
69,77,93,90,74,79,98,91,51,44,Robotics / Automation
81,78,70,85,81,71,84,83,95,83,Cybersecurity
40,67,73,54,64,11,76,23,13,78,Cybersecurity
80,68,96,100,16,95,17,35,44,50,Mechanical Engineering
68,69,68,66,97,42,28,17,98,67,Electrical Engineering
77,60,53,86,79,14,55,67,23,58,Cloud / DevOps
84,59,83,63,40,75,99,46,98,36,Electronics & Communication
78,84,69,83,59,63,97,50,80,36,Mechanical Engineering
67,69,66,61,42,35,89,66,38,77,Electronics & Communication
72,48,62,69,87,35,34,47,67,52,Software Development
71,68,69,83,33,32,75,25,58,35,Electrical Engineering
88,62,51,56,45,81,43,26,30,62,Software Development
67,66,58,51,52,69,100,29,15,49,Civil Engineering
68,74,78,64,86,16,90,88,94,68,Robotics / Automation
68,58,69,59,83,80,55,19,100,70,Electrical Engineering
83,45,64,80,33,76,18,74,30,83,Electronics & Communication
77,100,75,56,78,61,21,54,38,57,Cybersecurity
73,45,68,60,52,56,47,37,89,97,Electronics & Communication
88,63,68,63,81,93,11,24,95,74,Cloud / DevOps
100,67,97,89,40,92,88,89,41,35,Civil Engineering
82,77,75,40,97,51,58,24,59,62,Cybersecurity
70,84,69,49,13,76,57,75,75,87,Electronics & Communication
74,97,88,73,15,47,93,34,51,95,Mechanical Engineering
89,66,44,58,22,31,78,78,10,38,Civil Engineering
98,67,66,69,36,95,90,37,97,84,Electrical Engineering
100,96,100,72,36,78,99,65,92,39,Mechanical Engineering
79,49,92,53,13,68,52,14,21,39,Software Development
78,55,61,59,32,42,81,19,83,59,Electronics & Communication
65,63,61,90,62,59,67,90,61,85,Civil Engineering
58,75,88,65,12,59,96,25,78,30,Mechanical Engineering
64,68,87,78,84,15,99,19,55,94,Data Science / AI
67,79,53,87,47,97,48,87,21,66,Civil Engineering
81,67,57,59,66,58,60,94,13,90,Civil Engineering
83,90,60,83,30,78,38,27,60,99,Mechanical Engineering
43,63,69,58,91,28,48,96,92,77,Software Development
60,61,74,71,80,81,28,25,15,30,Electrical Engineering
41,40,60,83,78,80,20,49,36,74,Cloud / DevOps
40,64,62,99,62,92,75,28,30,53,Cloud / DevOps
69,77,72,40,88,42,34,24,33,36,Electronics & Communication
86,75,77,100,69,92,80,19,47,38,Robotics / Automation
43,97,65,80,22,35,84,72,52,75,Mechanical Engineering
74,65,61,80,95,93,40,22,46,38,Data Science / AI
52,83,63,54,50,72,67,52,88,69,Cybersecurity
68,90,61,81,82,82,56,50,64,51,Software Development
64,83,80,100,50,41,38,92,65,65,Civil Engineering
72,82,71,98,56,27,96,52,71,89,Robotics / Automation
64,83,67,73,55,49,72,80,23,52,Mechanical Engineering
76,75,68,78,45,27,78,35,43,39,Mechanical Engineering
98,86,83,66,12,74,90,13,84,81,Mechanical Engineering
61,86,83,100,14,80,43,79,79,90,Civil Engineering
65,68,45,67,93,29,56,60,38,67,Cybersecurity
89,65,79,71,69,74,75,21,60,76,Electronics & Communication
79,54,71,40,11,94,40,88,97,51,Electrical Engineering
72,47,88,88,67,30,32,82,82,48,Electronics & Communication
82,94,55,100,55,15,38,72,39,38,Civil Engineering
88,68,87,55,43,57,39,15,95,56,Electronics & Communication
62,62,62,55,59,70,68,15,15,71,Data Science / AI
93,68,75,64,100,76,91,45,43,99,Data Science / AI
47,76,41,73,58,93,58,56,85,39,Electronics & Communication
54,100,83,76,42,58,38,76,61,75,Civil Engineering
93,59,78,78,54,72,71,87,10,94,Cybersecurity
78,91,80,80,66,31,39,19,75,65,Electrical Engineering
50,57,68,76,29,33,30,56,87,45,Cloud / DevOps
58,100,92,85,63,52,24,71,96,91,Civil Engineering
76,68,55,76,71,36,85,30,92,82,Electrical Engineering
78,53,75,72,41,15,26,83,85,50,Electrical Engineering
46,59,63,100,90,75,15,83,28,37,Cybersecurity
83,51,77,47,43,33,76,61,86,32,Electronics & Communication
91,64,68,98,20,37,67,87,70,91,Cybersecurity
55,51,61,93,38,62,86,28,84,53,Electronics & Communication
52,40,63,84,43,31,97,53,68,38,Cloud / DevOps
93,65,63,95,58,59,26,23,12,55,Electronics & Communication
46,66,72,83,74,97,63,29,87,42,Cybersecurity
67,72,40,63,70,88,86,14,78,94,Mechanical Engineering
81,57,70,83,21,71,94,26,87,99,Electrical Engineering
69,74,55,71,96,93,65,76,63,77,Civil Engineering
84,74,61,79,15,99,77,64,39,91,Robotics / Automation
85,41,87,68,54,85,99,83,22,84,Cybersecurity
81,89,49,62,42,71,39,20,46,99,Electrical Engineering
70,60,96,59,42,34,10,100,10,96,Data Science / AI
66,75,51,67,76,10,58,93,36,70,Civil Engineering
79,67,68,65,62,56,23,29,64,62,Mechanical Engineering
52,76,96,75,78,64,82,56,88,65,Robotics / Automation
78,82,50,100,36,62,80,81,71,52,Robotics / Automation
78,96,59,100,81,81,71,42,49,74,Cloud / DevOps
86,80,73,70,27,94,25,39,67,50,Data Science / AI
93,74,40,54,37,75,61,53,80,36,Electrical Engineering
72,76,69,96,59,91,10,21,28,90,Electrical Engineering
45,74,42,88,21,18,43,38,57,40,Software Development
73,78,57,98,59,61,88,93,76,66,Mechanical Engineering
90,80,68,85,32,91,73,66,11,55,Robotics / Automation
64,84,94,94,34,14,86,75,76,59,Mechanical Engineering
64,77,50,85,96,14,56,40,93,30,Cybersecurity
81,43,52,69,21,45,61,55,95,80,Electronics & Communication
70,53,75,79,85,35,76,11,100,38,Electrical Engineering
72,60,85,100,80,46,81,84,54,74,Cybersecurity
67,62,77,68,38,87,34,68,61,30,Mechanical Engineering
72,83,41,98,32,62,74,23,81,39,Robotics / Automation
76,65,68,74,53,24,75,42,78,62,Electronics & Communication
49,94,70,82,58,82,71,41,53,88,Robotics / Automation
89,56,77,70,85,13,71,24,43,38,Cloud / DevOps
87,40,68,64,91,38,96,99,39,70,Cloud / DevOps
81,79,59,62,55,76,78,11,99,63,Mechanical Engineering
73,58,82,68,46,21,61,96,53,39,Electronics & Communication
40,66,54,45,32,70,50,55,37,64,Cybersecurity
56,73,89,80,97,34,73,35,40,60,Robotics / Automation
65,78,63,62,36,39,35,41,89,75,Cybersecurity
57,45,64,77,23,25,20,96,94,93,Software Development
73,65,55,85,79,15,71,57,89,70,Cloud / DevOps
55,83,54,61,83,45,72,33,75,65,Robotics / Automation
52,64,84,84,38,83,26,16,77,84,Robotics / Automation
89,79,53,69,79,14,74,54,60,52,Cloud / DevOps
63,91,52,91,25,99,76,68,50,31,Mechanical Engineering
88,99,63,87,96,36,58,84,22,71,Cybersecurity
100,62,46,41,88,43,33,80,43,60,Cybersecurity
85,43,64,82,70,88,53,56,33,93,Electrical Engineering
77,78,73,98,36,63,99,57,56,81,Robotics / Automation
60,61,58,89,67,33,83,26,83,59,Data Science / AI
88,78,87,53,44,40,81,65,58,55,Mechanical Engineering
100,94,81,100,29,70,11,32,63,93,Cybersecurity
50,64,58,87,90,76,78,50,72,68,Mechanical Engineering
59,83,90,87,81,82,16,60,22,50,Software Development
79,57,57,97,37,42,70,90,22,87,Civil Engineering
86,71,63,40,43,56,56,81,81,62,Electronics & Communication
58,100,50,78,12,62,25,54,96,55,Electronics & Communication
90,53,72,91,32,46,55,51,96,95,Electronics & Communication
75,100,44,94,67,20,58,88,46,89,Civil Engineering
72,83,76,61,90,28,31,91,53,83,Cloud / DevOps
78,44,79,80,19,20,30,53,39,70,Civil Engineering
84,87,75,77,93,47,100,44,87,80,Cybersecurity
61,61,87,100,66,56,85,76,67,82,Cybersecurity
71,72,56,96,33,12,26,40,94,62,Electrical Engineering
84,100,56,68,36,31,60,23,22,38,Robotics / Automation
78,81,66,59,80,16,13,60,77,40,Software Development
88,82,56,99,43,89,29,20,93,79,Electronics & Communication
92,74,71,84,39,41,46,66,90,46,Electrical Engineering
62,72,40,90,77,31,13,14,94,75,Civil Engineering
51,94,65,71,70,69,79,44,80,86,Mechanical Engineering
65,67,91,40,99,79,32,85,86,88,Civil Engineering
94,77,51,55,90,91,82,65,77,98,Cybersecurity
100,57,52,95,54,71,79,39,21,86,Mechanical Engineering
80,57,73,56,56,62,43,29,48,31,Software Development
91,87,77,81,76,27,54,46,70,98,Software Development
100,71,52,83,98,72,71,48,11,85,Cybersecurity
100,56,64,82,86,39,10,80,57,54,Cloud / DevOps
74,57,86,100,81,65,60,41,30,79,Cloud / DevOps
77,58,46,79,38,43,20,64,90,60,Electronics & Communication
91,79,69,64,46,93,78,44,62,54,Mechanical Engineering
58,84,83,47,33,27,47,24,91,88,Robotics / Automation
98,80,90,50,44,99,89,72,34,71,Mechanical Engineering
54,69,77,100,29,16,78,12,33,43,Mechanical Engineering
85,68,54,97,44,26,66,11,39,41,Cybersecurity
60,96,65,100,11,73,37,53,63,69,Robotics / Automation
85,69,62,68,57,69,99,14,52,40,Cybersecurity
81,73,61,72,17,44,60,19,79,90,Electrical Engineering
76,40,76,57,34,42,58,11,25,61,Electrical Engineering
57,46,43,50,66,41,14,35,68,42,Electronics & Communication
64,100,62,78,95,36,70,59,97,69,Civil Engineering
81,73,68,53,30,90,15,80,76,45,Electronics & Communication
96,99,44,56,71,91,48,35,56,36,Cloud / DevOps
70,57,77,61,24,40,91,65,51,31,Cybersecurity
100,89,73,93,45,84,25,60,41,31,Software Development
91,63,57,76,84,98,70,98,86,49,Cybersecurity
87,74,46,60,21,41,30,73,21,73,Civil Engineering
73,70,99,50,90,17,17,55,92,49,Software Development
82,94,100,67,26,72,39,50,81,74,Electronics & Communication
82,80,72,73,34,12,98,58,55,47,Robotics / Automation
81,40,80,77,15,72,100,66,81,67,Electronics & Communication
71,100,59,67,34,82,33,79,54,71,Civil Engineering
100,59,61,72,69,45,86,80,30,38,Electronics & Communication
87,75,50,65,29,67,47,43,79,76,Electronics & Communication
65,70,76,82,10,91,74,58,33,32,Civil Engineering
48,87,73,99,89,40,51,18,94,98,Electrical Engineering
81,88,76,99,34,77,97,73,80,49,Robotics / Automation
82,70,100,91,51,62,92,51,24,42,Electronics & Communication
83,52,50,80,94,18,15,26,32,34,Data Science / AI
77,62,72,100,23,72,34,22,14,79,Robotics / Automation
85,54,68,60,77,89,99,85,42,36,Cybersecurity
69,65,62,52,38,87,19,11,36,92,Data Science / AI
73,63,40,100,69,91,17,56,81,83,Electronics & Communication
91,66,70,53,100,17,88,44,77,35,Software Development
100,100,72,93,48,19,37,76,22,42,Civil Engineering
77,51,63,77,39,78,59,34,34,97,Cloud / DevOps
68,68,68,73,82,90,32,81,81,83,Electrical Engineering
75,56,59,51,91,83,55,96,68,84,Software Development
89,40,87,99,31,33,80,61,74,73,Electrical Engineering
70,40,64,73,78,86,66,55,50,100,Civil Engineering
59,64,92,86,57,62,91,65,51,60,Electronics & Communication
61,48,65,71,37,58,80,42,56,87,Robotics / Automation
82,63,77,100,60,10,14,46,86,32,Electrical Engineering
87,71,67,68,48,10,48,38,37,70,Software Development
92,62,70,75,98,45,80,75,81,49,Software Development
67,51,74,73,14,68,55,29,27,63,Civil Engineering
82,63,88,59,84,41,39,42,48,41,Cloud / DevOps
100,45,76,83,82,37,19,51,71,52,Cloud / DevOps
63,78,89,40,98,99,83,22,86,68,Mechanical Engineering
82,40,55,100,83,58,20,17,52,74,Cloud / DevOps
66,54,67,100,63,25,39,93,87,31,Electronics & Communication
47,56,92,100,16,49,77,15,50,99,Cybersecurity
73,53,100,100,51,74,99,38,29,36,Electrical Engineering
85,59,69,72,67,86,83,74,21,58,Electrical Engineering
79,93,83,55,47,60,28,26,53,40,Robotics / Automation
95,76,80,100,83,16,80,61,43,40,Cloud / DevOps
58,71,62,46,74,65,99,26,27,91,Mechanical Engineering
80,100,42,74,72,60,93,83,35,97,Mechanical Engineering
84,73,68,51,41,19,44,65,51,41,Data Science / AI
78,60,40,96,95,62,64,56,54,54,Cybersecurity
89,72,73,94,54,86,93,13,49,51,Robotics / Automation
78,85,65,98,88,66,89,28,66,35,Data Science / AI
79,74,50,80,35,97,57,29,20,44,Software Development
62,62,57,55,41,89,28,46,11,73,Data Science / AI
100,91,98,52,49,67,70,12,52,56,Electronics & Communication
76,52,59,58,37,36,79,76,43,100,Robotics / Automation
93,66,86,85,89,28,98,99,95,32,Cloud / DevOps
100,49,88,95,84,94,77,15,42,51,Software Development
60,87,75,70,46,35,99,89,44,36,Robotics / Automation
62,61,100,75,93,11,18,59,94,64,Civil Engineering
86,60,58,94,23,12,47,93,59,59,Electrical Engineering
54,65,70,77,75,100,22,50,72,98,Data Science / AI
72,77,80,88,33,35,74,68,81,32,Mechanical Engineering
60,67,87,91,41,77,49,52,72,80,Cybersecurity
54,77,40,75,12,54,97,55,55,68,Mechanical Engineering
100,57,57,88,74,45,17,90,42,79,Software Development
51,62,78,63,81,45,38,29,53,80,Cybersecurity
71,83,76,79,21,58,76,96,88,59,Robotics / Automation
69,77,68,83,40,83,29,64,49,72,Robotics / Automation
67,69,55,74,79,26,36,93,27,99,Civil Engineering
62,55,73,78,97,35,27,49,98,97,Cybersecurity
86,65,76,84,65,28,93,82,30,70,Data Science / AI
81,59,72,81,81,78,25,33,50,48,Software Development
75,40,72,100,50,62,62,48,66,65,Cybersecurity
69,61,75,80,34,23,26,33,13,64,Cloud / DevOps
92,53,80,85,86,39,39,97,13,75,Software Development
72,77,85,90,98,71,27,74,87,90,Cybersecurity
57,84,69,76,33,59,72,70,27,50,Mechanical Engineering
76,69,87,73,38,14,62,11,44,82,Cloud / DevOps
58,66,72,97,95,35,36,18,32,86,Robotics / Automation
84,59,100,79,98,51,68,41,64,81,Software Development
94,69,78,90,87,58,50,60,88,98,Software Development
93,87,83,69,76,23,67,68,15,61,Cloud / DevOps
66,76,83,70,15,81,59,76,90,36,Electrical Engineering
90,93,56,59,47,66,60,48,46,89,Cybersecurity
72,76,62,99,64,47,88,16,98,96,Mechanical Engineering
81,72,48,51,69,92,67,21,74,44,Electrical Engineering
79,40,85,72,84,99,79,27,60,82,Cybersecurity
100,100,67,73,67,13,32,68,85,55,Electronics & Communication
89,97,45,42,21,42,51,98,93,50,Electrical Engineering
65,80,77,94,21,24,100,67,91,76,Mechanical Engineering
57,40,82,60,77,100,59,75,88,50,Electrical Engineering
44,74,81,72,80,58,15,31,52,49,Cybersecurity
68,69,64,50,28,32,16,63,49,69,Robotics / Automation
64,79,74,78,46,90,33,25,26,55,Software Development
60,69,40,78,89,42,11,68,73,93,Electronics & Communication
96,49,61,80,10,87,73,40,37,90,Robotics / Automation
93,65,59,40,62,66,20,86,86,30,Electrical Engineering
76,100,74,74,80,45,89,90,81,56,Software Development
79,71,57,89,33,28,17,93,54,34,Civil Engineering
78,72,55,98,28,14,95,83,87,68,Robotics / Automation
84,63,85,66,21,16,23,63,32,50,Mechanical Engineering
63,60,43,83,88,94,98,99,86,52,Robotics / Automation
47,53,40,73,84,56,14,21,48,71,Civil Engineering
72,67,54,53,58,18,64,80,18,67,Civil Engineering
81,63,74,59,70,27,25,98,45,72,Electronics & Communication
77,91,78,67,62,77,36,99,36,37,Civil Engineering
78,68,70,69,23,83,90,77,21,91,Civil Engineering
72,75,55,56,98,87,100,46,64,70,Cybersecurity
54,47,51,77,77,83,89,55,26,93,Electronics & Communication
61,79,70,40,90,73,73,33,88,59,Robotics / Automation
84,84,55,82,34,10,25,13,69,45,Cloud / DevOps
62,73,51,42,88,63,62,15,52,74,Electronics & Communication
69,70,64,53,91,37,11,91,35,66,Civil Engineering
69,76,69,78,42,18,49,48,74,100,Electronics & Communication
64,89,52,83,10,24,97,52,53,80,Mechanical Engineering
92,79,66,65,32,34,52,53,96,91,Electronics & Communication
90,50,55,67,14,92,27,71,29,88,Electronics & Communication
93,77,55,69,52,69,62,17,76,68,Electronics & Communication
65,61,84,50,81,78,12,36,83,72,Civil Engineering
99,84,86,66,18,29,45,13,53,78,Electronics & Communication
72,50,62,83,31,83,87,59,33,44,Mechanical Engineering
94,55,64,72,100,50,100,14,44,82,Software Development
54,80,59,71,73,40,57,67,48,57,Electronics & Communication
68,60,69,71,48,32,24,57,14,55,Data Science / AI
69,61,74,100,66,74,13,71,74,49,Electrical Engineering
77,86,49,77,53,71,77,49,51,48,Mechanical Engineering
58,49,58,96,76,96,26,36,14,88,Electrical Engineering
89,75,47,71,76,24,10,49,15,41,Cybersecurity
79,74,42,58,69,15,23,76,94,69,Electrical Engineering
74,80,40,72,83,49,91,36,51,55,Data Science / AI
77,84,80,85,46,45,78,50,66,45,Robotics / Automation
63,43,64,93,29,30,45,24,11,95,Data Science / AI
95,82,76,81,36,79,54,80,50,64,Civil Engineering
66,70,95,58,28,100,46,83,41,51,Civil Engineering
99,67,89,49,19,49,88,53,79,86,Electrical Engineering
83,60,48,78,26,13,70,96,16,43,Electrical Engineering
90,59,47,73,16,21,64,60,32,87,Civil Engineering
73,80,84,73,49,52,35,95,78,40,Electronics & Communication
100,75,64,45,82,26,21,99,69,42,Cloud / DevOps
71,66,84,83,49,97,92,100,69,90,Civil Engineering
57,74,80,100,39,38,28,88,43,76,Civil Engineering
88,83,70,81,60,33,99,95,52,71,Robotics / Automation
93,52,64,61,72,13,18,70,24,74,Robotics / Automation
80,90,61,40,69,31,46,54,87,46,Electrical Engineering
68,85,78,82,61,23,51,81,93,39,Electronics & Communication
70,52,77,59,78,69,61,85,62,60,Cloud / DevOps
100,80,61,63,80,30,71,59,18,73,Data Science / AI
73,68,86,78,98,85,65,65,82,73,Data Science / AI
64,100,70,88,32,94,95,19,83,92,Mechanical Engineering
65,77,74,40,85,86,69,51,81,42,Robotics / Automation
100,91,64,55,32,49,61,18,86,43,Electronics & Communication
80,73,75,78,51,73,92,94,17,41,Mechanical Engineering
82,93,78,56,27,84,91,10,28,49,Robotics / Automation
95,96,100,54,78,47,59,88,83,87,Data Science / AI
78,40,78,65,36,97,50,48,82,68,Electronics & Communication
100,60,44,66,54,21,84,11,88,95,Electronics & Communication
45,83,40,75,26,47,17,57,80,36,Software Development
43,67,94,81,100,81,55,24,46,33,Cloud / DevOps
62,71,70,83,65,99,85,60,90,70,Robotics / Automation
54,80,40,63,61,58,65,79,37,52,Civil Engineering
67,81,70,49,70,27,34,81,59,76,Civil Engineering
60,74,68,64,63,29,46,95,26,47,Civil Engineering
67,82,62,73,11,19,92,12,28,92,Robotics / Automation
100,50,42,89,27,20,27,92,63,88,Electrical Engineering
64,67,58,70,89,33,68,75,64,100,Civil Engineering
98,84,82,49,67,59,55,38,33,84,Software Development
57,40,57,92,83,73,40,74,44,82,Electronics & Communication
82,68,69,62,83,56,14,14,82,91,Cybersecurity
78,83,45,80,24,84,71,98,20,48,Robotics / Automation
88,65,80,100,69,76,20,76,88,41,Electrical Engineering
73,77,58,78,70,90,94,95,19,99,Robotics / Automation
81,74,54,78,88,16,53,78,11,90,Cloud / DevOps
96,78,84,70,75,70,83,52,63,75,Robotics / Automation
86,76,55,80,47,31,14,98,86,68,Electronics & Communication
60,62,72,80,17,90,70,84,31,36,Mechanical Engineering
57,87,78,62,89,13,46,72,20,46,Civil Engineering
51,69,63,77,74,19,45,42,26,65,Mechanical Engineering
69,41,64,69,42,11,24,87,32,49,Robotics / Automation
84,61,95,40,57,32,43,99,40,92,Cybersecurity
94,68,82,76,77,14,53,20,28,49,Cloud / DevOps
92,66,53,100,62,59,40,94,66,51,Civil Engineering
73,75,88,56,36,83,54,16,92,63,Electrical Engineering
83,63,68,76,16,31,69,61,70,68,Robotics / Automation
52,60,90,90,78,39,58,97,100,79,Robotics / Automation
74,75,65,99,43,28,77,65,11,66,Robotics / Automation
71,75,87,61,58,96,50,77,97,35,Electrical Engineering
98,49,94,68,78,91,55,65,88,64,Cybersecurity
71,43,63,56,44,44,22,42,93,80,Electronics & Communication
65,69,84,78,96,40,96,85,34,96,Civil Engineering
79,55,56,100,53,96,98,33,50,100,Software Development
63,96,66,75,96,11,18,11,62,42,Electronics & Communication
91,91,68,68,23,97,67,54,38,66,Mechanical Engineering
74,77,83,75,34,14,13,89,21,37,Civil Engineering
84,96,75,80,86,94,37,86,91,45,Software Development
52,40,75,73,21,87,26,58,94,53,Data Science / AI
67,75,69,95,99,33,42,47,69,39,Robotics / Automation
76,60,84,71,45,64,98,95,51,62,Cybersecurity
82,64,60,76,19,45,17,58,59,72,Software Development
75,79,65,41,43,43,32,66,18,92,Cloud / DevOps
68,83,65,70,88,60,32,92,72,43,Electrical Engineering
89,61,46,72,79,65,37,88,92,43,Cloud / DevOps
67,57,67,83,43,23,14,19,19,62,Robotics / Automation
74,76,97,68,12,73,29,93,91,30,Electrical Engineering
79,64,57,64,95,59,44,29,99,72,Cloud / DevOps
67,77,100,62,83,10,75,100,72,91,Robotics / Automation
68,71,75,79,61,18,79,38,10,79,Robotics / Automation
94,40,40,66,25,82,78,55,52,68,Electrical Engineering
91,48,40,85,17,90,92,21,56,98,Civil Engineering
78,55,55,57,20,68,47,92,35,52,Electronics & Communication
76,62,77,40,15,59,94,34,48,79,Data Science / AI
62,55,66,65,90,98,55,72,20,86,Cloud / DevOps
86,44,70,85,27,14,34,13,85,60,Electronics & Communication
100,64,74,42,59,18,79,92,49,93,Electronics & Communication
40,84,69,96,67,12,14,53,17,73,Software Development
54,79,98,82,61,25,37,93,95,96,Civil Engineering
79,72,46,99,68,96,78,29,84,59,Mechanical Engineering
65,79,46,53,14,28,72,93,12,90,Mechanical Engineering
96,66,91,73,41,99,93,26,11,52,Software Development
47,85,61,87,49,22,68,88,31,38,Civil Engineering
75,48,72,100,23,24,73,86,88,58,Electrical Engineering
82,71,86,78,35,64,53,96,61,71,Civil Engineering
78,55,73,93,25,97,83,79,27,71,Cloud / DevOps
62,93,68,59,15,85,32,52,18,45,Mechanical Engineering
89,67,81,69,28,63,31,99,57,100,Civil Engineering
74,79,74,40,31,66,41,84,15,47,Civil Engineering
58,85,68,65,22,90,88,58,30,32,Robotics / Automation
54,55,40,73,20,10,10,32,21,66,Electrical Engineering
66,57,68,81,98,70,98,26,36,48,Mechanical Engineering
100,49,87,92,76,67,62,40,32,34,Data Science / AI
63,75,63,78,73,88,21,90,48,74,Civil Engineering
97,81,77,67,63,10,81,40,34,45,Mechanical Engineering
52,68,88,47,89,56,79,74,38,89,Civil Engineering
59,73,55,60,90,94,36,45,16,54,Data Science / AI
68,51,55,87,29,97,70,73,32,50,Software Development
55,48,60,88,16,92,56,46,36,85,Mechanical Engineering
72,65,70,43,52,88,68,15,23,36,Electronics & Communication
82,77,63,93,32,30,13,72,75,44,Electrical Engineering
58,88,72,68,40,66,85,84,51,83,Mechanical Engineering
74,70,88,55,96,51,39,24,51,59,Software Development
63,87,61,91,40,62,35,58,38,39,Robotics / Automation
100,65,80,54,84,72,16,65,28,57,Cloud / DevOps
86,74,77,63,32,59,57,27,68,54,Civil Engineering
50,79,40,69,44,35,52,26,14,37,Mechanical Engineering
89,74,99,93,27,24,69,68,63,51,Civil Engineering
65,72,69,46,38,47,87,30,91,51,Mechanical Engineering
60,63,40,75,21,62,76,72,37,90,Robotics / Automation
71,46,76,87,45,11,64,41,41,71,Electrical Engineering
78,67,78,87,84,38,85,29,83,30,Cloud / DevOps
79,59,74,96,15,15,70,74,14,84,Electronics & Communication
66,100,62,75,60,71,99,22,67,93,Mechanical Engineering
64,75,43,65,20,81,11,98,62,57,Civil Engineering
58,74,84,86,26,55,47,40,92,41,Software Development
40,100,74,61,71,95,49,30,100,88,Software Development
77,74,59,78,68,69,27,100,61,53,Civil Engineering
65,65,59,49,57,90,69,100,91,30,Data Science / AI
77,80,77,89,59,98,52,77,14,67,Civil Engineering
79,64,82,50,64,44,99,88,79,56,Electrical Engineering
61,57,86,91,89,52,17,75,96,76,Software Development
82,88,56,81,24,59,56,69,89,35,Electronics & Communication
73,84,68,68,56,32,92,81,100,38,Mechanical Engineering
83,85,59,73,27,52,40,79,24,91,Civil Engineering
59,40,73,85,84,99,36,38,51,75,Mechanical Engineering
78,42,64,40,74,97,64,45,16,38,Civil Engineering
95,55,88,92,54,67,72,74,77,45,Electronics & Communication
61,55,75,59,100,78,96,78,47,87,Civil Engineering
76,64,43,40,96,98,18,34,68,41,Software Development
78,63,61,87,60,32,46,19,23,51,Mechanical Engineering
92,67,64,84,24,99,28,73,29,56,Civil Engineering
54,75,78,87,76,90,12,47,63,99,Cybersecurity
45,60,56,76,70,54,63,66,92,32,Mechanical Engineering
82,94,62,66,34,18,12,39,76,72,Electronics & Communication
92,76,89,80,84,53,93,92,51,92,Cloud / DevOps
57,52,46,86,68,48,82,26,49,51,Mechanical Engineering
92,99,82,95,39,71,57,46,16,48,Civil Engineering
66,54,82,82,46,68,31,89,30,98,Mechanical Engineering
76,77,74,98,33,32,100,98,95,49,Mechanical Engineering
94,80,82,84,40,24,15,50,83,46,Electronics & Communication
68,83,49,93,43,57,33,36,81,34,Electronics & Communication
57,76,57,84,54,28,57,67,79,50,Electronics & Communication
74,48,76,64,48,25,13,61,73,48,Electronics & Communication
88,72,75,57,50,29,10,79,74,72,Electronics & Communication
66,65,82,100,70,47,83,95,28,86,Civil Engineering
62,88,40,53,98,24,71,15,27,100,Mechanical Engineering
60,51,46,82,49,13,61,89,38,87,Civil Engineering
71,77,80,79,21,51,17,87,92,54,Electrical Engineering
84,70,52,94,45,35,12,20,78,87,Electrical Engineering
66,57,67,58,75,60,34,72,50,95,Software Development
68,77,75,58,95,56,60,28,64,77,Electrical Engineering
67,88,77,100,57,11,46,54,54,69,Robotics / Automation
92,89,49,88,81,21,37,66,63,86,Cybersecurity
74,63,72,92,30,64,63,27,85,41,Electrical Engineering
82,58,81,63,36,48,70,77,52,38,Electrical Engineering
78,67,66,88,21,10,62,91,44,83,Civil Engineering
59,100,42,64,32,81,69,100,82,47,Civil Engineering
80,80,68,73,35,33,58,47,80,92,Electrical Engineering
81,68,90,90,48,84,48,73,81,89,Electrical Engineering
88,57,68,69,13,10,29,43,48,90,Data Science / AI
59,77,61,86,93,95,46,63,32,92,Cloud / DevOps
58,97,56,78,13,25,45,73,18,76,Civil Engineering
86,63,82,52,84,71,82,65,43,90,Software Development
96,72,61,69,57,75,83,12,43,50,Mechanical Engineering
87,63,58,71,28,50,69,98,27,75,Cybersecurity
57,99,61,89,16,44,56,63,91,75,Software Development
78,57,69,89,47,47,77,91,19,95,Cloud / DevOps
72,89,85,91,90,33,22,86,31,99,Cybersecurity
68,55,60,78,50,97,48,44,97,76,Electrical Engineering
83,40,69,77,78,84,55,28,11,47,Cybersecurity
70,91,76,98,57,72,62,53,30,43,Cloud / DevOps
71,86,94,98,29,74,38,34,81,97,Electrical Engineering
58,68,64,83,63,68,19,24,26,32,Robotics / Automation
85,59,71,40,54,49,98,56,27,86,Electronics & Communication
96,64,70,69,53,32,100,48,13,45,Cloud / DevOps
92,40,69,73,26,98,28,98,39,69,Cybersecurity
68,97,56,88,36,26,20,64,98,44,Electrical Engineering
80,90,59,61,12,71,65,15,35,43,Software Development
91,78,46,65,94,75,85,17,70,45,Cybersecurity
80,84,59,40,15,18,48,95,11,42,Civil Engineering
82,53,40,40,25,87,36,85,35,53,Civil Engineering
87,73,66,100,13,21,28,45,84,74,Electronics & Communication
84,96,49,74,30,74,88,40,74,38,Mechanical Engineering
50,68,66,86,84,11,77,37,34,66,Cybersecurity
75,81,80,100,78,10,22,37,74,90,Cybersecurity
70,57,73,60,99,85,33,66,96,43,Electrical Engineering
97,67,61,66,55,58,64,37,75,59,Electronics & Communication
85,69,60,100,24,50,25,69,24,96,Cybersecurity
62,72,79,45,73,56,100,46,81,35,Mechanical Engineering
82,56,82,57,51,73,24,59,46,88,Mechanical Engineering
85,88,82,79,97,66,38,80,62,67,Cloud / DevOps
71,63,92,62,34,18,70,96,57,52,Software Development
59,81,58,57,96,72,96,23,60,86,Mechanical Engineering
53,64,68,79,25,28,60,61,98,43,Cybersecurity
89,79,67,71,18,56,35,53,35,81,Data Science / AI
82,91,71,66,39,64,73,45,84,64,Robotics / Automation
60,50,79,85,55,70,95,87,61,92,Electronics & Communication
83,70,91,66,45,28,68,23,25,62,Robotics / Automation
89,71,60,85,73,39,90,27,13,42,Mechanical Engineering
81,77,71,74,18,73,96,13,32,78,Robotics / Automation
100,89,80,77,29,48,89,89,22,39,Robotics / Automation
90,79,70,69,69,35,47,94,73,92,Electronics & Communication
73,40,73,66,79,53,79,79,12,34,Cloud / DevOps
98,72,52,74,25,59,67,50,58,86,Robotics / Automation
59,79,74,92,14,14,32,81,94,68,Civil Engineering
63,72,49,87,100,31,72,65,27,69,Robotics / Automation
82,79,70,82,72,24,82,96,72,100,Robotics / Automation
99,67,72,55,70,81,30,74,17,80,Civil Engineering
61,73,86,70,43,73,85,58,88,75,Robotics / Automation
71,65,61,80,51,17,13,85,15,46,Civil Engineering
52,91,60,87,54,84,13,90,53,78,Civil Engineering
55,82,80,81,22,64,54,55,62,74,Software Development
60,75,52,70,94,41,41,40,92,69,Data Science / AI
90,83,70,57,98,18,49,24,53,51,Software Development
84,72,40,89,78,51,14,68,94,84,Cloud / DevOps
74,90,53,40,44,12,99,70,85,32,Robotics / Automation
79,76,44,57,58,83,59,51,83,42,Electronics & Communication
100,67,80,63,22,98,96,36,53,93,Electronics & Communication
43,69,66,67,95,53,31,88,48,76,Civil Engineering
73,75,67,52,65,35,73,91,19,98,Mechanical Engineering
82,42,40,88,46,43,16,48,83,81,Electrical Engineering
82,71,49,62,89,21,84,22,85,73,Cybersecurity
71,48,58,86,18,82,77,70,64,56,Civil Engineering
96,65,81,40,19,93,48,74,48,85,Electronics & Communication
84,59,74,70,50,35,63,61,42,95,Robotics / Automation
94,58,79,69,95,80,33,12,90,96,Data Science / AI
72,69,57,74,83,73,37,94,69,64,Cloud / DevOps
74,75,71,89,82,90,17,76,35,76,Cloud / DevOps
88,56,83,53,28,40,29,97,48,85,Electrical Engineering
83,81,41,76,50,18,91,36,62,64,Robotics / Automation
67,60,90,63,92,30,42,97,86,60,Electronics & Communication
62,73,80,72,40,24,29,34,13,61,Mechanical Engineering
92,79,40,65,69,72,81,65,64,34,Mechanical Engineering
66,79,40,100,30,44,27,13,43,65,Electronics & Communication
82,74,87,100,32,92,15,72,12,37,Civil Engineering
88,86,71,72,20,50,87,48,18,82,Robotics / Automation
67,59,59,50,95,94,21,60,27,60,Data Science / AI
73,46,72,74,83,74,25,76,95,97,Cybersecurity
77,64,100,99,73,21,40,86,25,70,Civil Engineering
56,75,60,56,84,59,40,64,37,48,Data Science / AI
54,78,59,92,32,37,45,66,62,62,Software Development
89,92,57,83,72,78,57,99,24,70,Civil Engineering
84,64,58,100,79,64,70,97,41,65,Data Science / AI
78,81,57,53,56,70,57,49,12,34,Software Development
66,70,54,74,98,95,40,42,80,79,Electronics & Communication
49,55,80,85,91,99,56,97,25,98,Cloud / DevOps
69,56,54,68,66,59,11,60,42,68,Data Science / AI
84,85,62,54,40,48,36,30,66,70,Electrical Engineering
79,59,62,98,14,45,20,72,70,82,Civil Engineering
87,74,50,78,64,22,30,99,43,94,Civil Engineering
90,66,90,98,18,55,63,87,80,71,Electronics & Communication
99,76,78,100,98,13,16,92,92,53,Cloud / DevOps
81,64,63,79,92,27,10,61,35,69,Cybersecurity
55,69,86,40,83,20,24,30,41,96,Cybersecurity
98,88,63,84,86,97,62,50,67,91,Data Science / AI
75,90,84,49,43,32,97,85,51,66,Mechanical Engineering
83,68,71,61,20,63,57,33,60,78,Cloud / DevOps
100,87,58,50,12,12,81,92,88,59,Mechanical Engineering
69,78,73,97,69,35,43,99,31,36,Civil Engineering
86,86,74,49,61,89,64,86,43,49,Civil Engineering
72,87,69,84,21,57,31,82,25,31,Civil Engineering
70,56,68,80,77,65,68,96,73,45,Electrical Engineering
65,68,55,95,36,34,44,46,73,78,Cybersecurity
70,93,92,73,65,36,86,37,46,54,Robotics / Automation
59,40,47,50,33,62,28,13,47,63,Cloud / DevOps
95,73,75,40,89,67,41,57,84,88,Software Development
57,85,74,72,11,70,27,51,98,80,Cloud / DevOps
83,96,66,76,59,100,64,86,42,39,Civil Engineering
77,100,40,87,22,81,17,16,52,60,Robotics / Automation
73,80,60,74,55,87,95,86,100,35,Mechanical Engineering
85,100,82,59,42,74,89,58,48,80,Robotics / Automation
68,65,43,69,26,81,15,84,32,63,Cybersecurity
85,52,85,83,74,73,53,69,26,41,Civil Engineering
63,69,93,88,100,77,65,28,43,44,Civil Engineering
75,68,71,65,15,26,73,45,56,85,Mechanical Engineering
43,100,72,82,43,88,43,76,50,85,Civil Engineering
74,60,67,46,31,50,72,29,81,86,Electrical Engineering
100,53,54,67,34,29,16,39,33,34,Robotics / Automation
94,72,51,97,43,30,100,69,65,44,Robotics / Automation
85,80,80,100,15,66,55,100,81,92,Electronics & Communication
100,61,94,81,73,24,28,25,54,41,Cloud / DevOps
82,46,67,60,46,33,31,75,44,57,Software Development
87,88,40,74,77,83,33,63,19,61,Cloud / DevOps
91,69,80,81,96,22,52,13,46,45,Cloud / DevOps
80,67,51,54,57,85,23,51,29,33,Data Science / AI
85,72,67,67,68,100,94,71,68,64,Mechanical Engineering
70,87,64,50,52,15,93,89,67,71,Mechanical Engineering
86,68,70,100,37,16,92,46,51,37,Data Science / AI
74,76,52,71,80,87,58,21,61,62,Data Science / AI
84,48,73,76,40,61,21,12,36,50,Electrical Engineering
75,87,75,100,61,46,92,93,29,45,Robotics / Automation
60,74,71,55,72,65,49,97,87,46,Civil Engineering
89,100,69,84,55,95,22,57,75,55,Electronics & Communication
76,61,42,62,67,59,70,44,82,84,Electrical Engineering
54,97,68,68,64,57,88,33,65,84,Mechanical Engineering
88,55,58,76,15,75,53,69,96,58,Electrical Engineering
90,79,73,76,73,77,90,92,77,40,Robotics / Automation
81,75,54,75,69,65,20,71,48,49,Civil Engineering
58,73,62,100,26,97,48,41,76,84,Mechanical Engineering
74,50,67,84,82,16,80,19,15,95,Software Development
100,63,46,89,75,64,62,22,69,62,Civil Engineering
54,65,66,73,42,84,20,74,12,44,Robotics / Automation
85,61,65,74,32,33,60,15,20,83,Mechanical Engineering
77,73,76,90,50,85,68,95,67,63,Civil Engineering
80,78,46,75,53,33,37,33,20,63,Data Science / AI
82,82,59,63,65,78,12,10,60,44,Software Development
66,80,85,67,31,93,71,68,98,81,Robotics / Automation
88,73,68,71,48,89,88,56,98,80,Robotics / Automation
86,76,100,59,21,26,27,11,34,44,Software Development
82,64,56,74,99,34,13,36,71,48,Data Science / AI
77,100,67,54,65,90,78,34,21,68,Robotics / Automation
79,40,68,75,28,70,64,12,24,51,Cybersecurity
86,86,62,72,99,66,72,70,12,87,Data Science / AI
63,55,74,52,35,47,82,60,16,72,Software Development
68,57,78,100,23,90,65,63,73,100,Electronics & Communication
55,44,68,75,14,72,61,72,75,92,Cloud / DevOps
78,65,66,81,17,77,12,64,83,70,Electrical Engineering
90,42,64,78,44,92,63,70,24,93,Civil Engineering
61,97,60,74,67,99,65,12,30,66,Cloud / DevOps
83,63,42,67,70,54,66,39,74,58,Electronics & Communication
90,66,57,91,87,94,69,26,47,79,Cloud / DevOps
70,64,72,88,96,93,56,70,30,56,Mechanical Engineering
100,84,87,65,98,21,95,71,26,52,Data Science / AI
59,72,71,55,30,87,72,22,63,93,Robotics / Automation
72,77,75,84,40,36,81,16,12,75,Robotics / Automation
79,64,62,53,55,96,30,32,74,34,Electrical Engineering
100,72,66,58,53,65,24,89,39,45,Civil Engineering
100,55,63,82,81,38,72,43,53,75,Software Development
84,86,97,84,81,44,29,98,75,43,Software Development
59,68,74,100,66,68,24,23,88,43,Electronics & Communication
54,90,72,90,15,74,23,31,90,45,Cloud / DevOps
73,59,81,86,56,30,47,100,66,94,Robotics / Automation
89,71,61,46,22,29,92,56,52,47,Mechanical Engineering
87,78,55,65,35,66,63,10,41,90,Civil Engineering
67,49,57,54,46,74,31,20,44,77,Electrical Engineering
68,60,45,100,56,90,95,41,29,97,Electrical Engineering
93,60,74,82,39,27,64,62,62,88,Electronics & Communication
92,59,86,65,97,56,13,66,28,31,Software Development
54,82,89,100,20,53,50,61,31,85,Software Development
57,82,63,89,60,14,94,92,29,37,Robotics / Automation
52,53,58,76,63,61,97,99,80,68,Civil Engineering
65,81,85,85,54,11,45,77,88,48,Civil Engineering
99,78,51,99,99,61,67,92,36,99,Cloud / DevOps
65,85,93,83,99,54,93,61,35,68,Mechanical Engineering
52,58,89,71,14,78,52,59,26,96,Electronics & Communication
76,83,80,80,46,37,21,75,80,69,Electronics & Communication
71,67,82,84,91,30,12,13,79,63,Data Science / AI
71,88,68,59,48,64,74,24,17,77,Robotics / Automation
63,57,65,97,90,74,55,25,16,45,Robotics / Automation
62,74,60,70,48,83,10,68,53,60,Electronics & Communication
52,68,67,84,86,39,54,48,46,47,Electrical Engineering
78,54,86,78,76,41,23,51,76,54,Cybersecurity
77,71,62,78,68,22,28,64,62,40,Data Science / AI
82,45,61,70,17,64,26,70,37,87,Data Science / AI
78,89,58,66,57,96,77,61,85,96,Robotics / Automation
67,59,64,88,43,84,73,91,64,86,Robotics / Automation
59,78,44,64,63,30,28,74,26,92,Civil Engineering
70,97,65,40,68,26,100,75,77,45,Mechanical Engineering
45,72,79,81,68,70,14,30,81,77,Data Science / AI
77,89,61,91,87,62,24,25,57,67,Software Development
50,58,42,70,76,29,25,57,49,77,Mechanical Engineering
74,73,70,58,47,72,13,28,28,83,Software Development
72,49,90,69,49,46,37,33,72,30,Electrical Engineering
67,95,51,54,80,54,18,15,63,91,Mechanical Engineering
58,70,76,88,82,67,53,58,70,46,Cybersecurity
100,40,79,64,74,91,68,67,95,87,Electrical Engineering
66,62,56,100,51,21,89,95,89,82,Electronics & Communication
87,72,90,47,39,60,53,79,15,86,Civil Engineering
55,40,59,77,45,92,21,31,100,33,Mechanical Engineering
76,74,48,89,81,92,25,92,81,40,Data Science / AI
78,82,41,80,89,79,83,16,82,96,Data Science / AI
57,66,78,76,70,74,12,25,94,98,Cybersecurity
62,72,47,95,12,45,36,41,100,86,Data Science / AI
71,88,62,65,78,87,51,61,85,35,Cloud / DevOps
63,85,59,86,12,53,65,33,63,33,Electronics & Communication
69,42,61,53,50,58,42,21,24,42,Electronics & Communication
75,54,83,73,31,46,28,33,42,41,Cybersecurity
72,81,84,74,49,62,96,31,17,71,Mechanical Engineering
63,45,59,63,13,17,48,59,22,70,Cybersecurity
76,66,80,63,62,51,43,58,25,36,Cloud / DevOps
74,89,75,73,40,86,85,40,73,95,Robotics / Automation
65,62,57,65,24,44,17,50,69,100,Electrical Engineering
86,68,49,100,18,71,13,62,91,59,Electrical Engineering
79,50,63,76,44,80,85,96,22,61,Electronics & Communication
100,55,84,100,93,26,48,82,62,87,Software Development
65,67,54,71,91,74,36,28,57,99,Cybersecurity
74,81,86,61,41,78,64,81,67,35,Civil Engineering
45,71,74,79,10,69,89,47,93,51,Mechanical Engineering
70,73,92,81,17,71,44,86,42,78,Civil Engineering
69,64,67,100,54,90,37,84,75,66,Electrical Engineering
72,71,62,94,30,78,82,18,48,41,Robotics / Automation
100,78,71,75,99,25,27,81,45,85,Data Science / AI
40,83,72,82,88,74,50,97,53,63,Civil Engineering
64,66,63,93,100,67,44,41,94,71,Civil Engineering
69,100,76,52,36,68,86,52,12,47,Mechanical Engineering
73,62,40,100,87,70,10,11,96,52,Cloud / DevOps
85,79,72,50,81,99,100,72,60,98,Software Development
67,84,54,40,93,93,19,78,13,86,Civil Engineering
71,69,72,88,96,25,55,58,86,75,Cloud / DevOps
84,75,87,47,32,99,11,25,69,77,Cloud / DevOps
82,81,51,47,66,11,38,12,45,75,Cloud / DevOps
63,62,81,63,21,88,90,48,38,59,Robotics / Automation
62,62,86,75,56,14,45,73,100,56,Software Development
72,70,89,61,35,91,60,24,45,94,Robotics / Automation
94,75,67,100,31,80,34,94,82,52,Electrical Engineering
59,66,51,92,85,26,18,26,43,59,Electronics & Communication
100,97,88,71,45,34,96,12,98,98,Robotics / Automation
69,46,100,83,97,81,68,10,64,36,Civil Engineering
67,91,55,82,65,62,45,25,97,96,Electronics & Communication
72,81,69,48,73,56,76,15,38,36,Robotics / Automation
76,87,69,88,63,78,67,50,10,80,Cloud / DevOps
59,71,60,88,52,20,83,13,38,84,Mechanical Engineering
75,82,86,87,41,35,31,52,49,38,Data Science / AI
79,57,69,65,13,71,65,13,85,72,Electronics & Communication
69,66,55,40,41,23,70,40,53,36,Civil Engineering
64,74,49,75,76,40,19,86,89,86,Civil Engineering
100,87,94,82,22,90,67,84,25,40,Civil Engineering
92,61,60,40,17,14,58,50,98,38,Electrical Engineering
92,95,61,70,17,66,17,48,88,85,Electrical Engineering
63,77,86,43,23,96,17,81,16,67,Civil Engineering
81,67,71,83,58,61,22,89,62,59,Civil Engineering
72,70,66,92,86,94,89,11,68,79,Cloud / DevOps
81,75,50,68,64,89,89,22,53,33,Robotics / Automation
88,72,79,100,76,52,85,34,23,43,Software Development
90,73,62,40,86,18,85,34,83,46,Cybersecurity
72,67,75,72,55,63,71,89,66,53,Civil Engineering
70,45,55,83,41,27,15,17,26,69,Electrical Engineering
100,70,74,92,75,93,55,49,84,99,Electrical Engineering
62,77,58,90,28,70,49,87,53,67,Civil Engineering
77,76,58,87,57,11,76,85,94,48,Mechanical Engineering
100,56,64,79,40,74,81,16,64,74,Cloud / DevOps
86,63,40,99,35,91,35,18,53,54,Robotics / Automation
86,45,60,100,98,98,69,86,98,72,Cybersecurity
96,86,67,76,88,48,63,52,30,43,Cloud / DevOps
73,88,56,60,15,73,38,10,91,58,Electrical Engineering
90,71,90,62,69,89,37,40,71,72,Electronics & Communication
74,58,70,48,36,61,33,10,56,31,Data Science / AI
67,50,80,87,55,13,81,24,28,67,Robotics / Automation
49,92,100,75,34,90,84,56,15,33,Mechanical Engineering
65,100,50,75,35,46,32,38,43,52,Civil Engineering
77,92,75,66,80,41,32,35,12,52,Cybersecurity
60,66,54,75,22,12,96,27,58,44,Civil Engineering
66,49,88,66,36,49,68,40,57,77,Cybersecurity
55,69,71,43,77,89,65,18,25,48,Cybersecurity
79,56,95,84,34,34,78,58,98,77,Electronics & Communication
69,60,68,86,86,64,91,41,15,54,Electronics & Communication
74,68,70,64,47,29,51,41,16,65,Cybersecurity
69,40,84,80,75,84,72,36,20,90,Data Science / AI
63,100,71,56,31,75,59,92,75,77,Civil Engineering
87,77,75,67,73,76,69,32,51,77,Electronics & Communication
81,68,78,40,98,71,73,70,44,81,Software Development
68,97,58,64,36,38,35,67,40,80,Cloud / DevOps
68,53,40,70,49,64,58,83,30,77,Mechanical Engineering
77,71,67,75,80,20,27,20,47,86,Cybersecurity
90,69,61,69,39,84,15,69,75,73,Electronics & Communication
83,93,60,76,67,69,65,62,57,93,Civil Engineering
80,57,70,48,44,58,13,32,66,59,Mechanical Engineering
48,77,64,78,92,19,55,20,47,94,Electronics & Communication
74,57,69,52,79,92,20,45,39,42,Software Development
95,51,67,56,19,56,14,79,35,72,Cloud / DevOps
83,67,62,90,96,52,42,48,97,65,Data Science / AI
75,79,55,49,100,87,27,79,43,31,Cybersecurity
76,67,79,73,46,54,61,61,84,31,Electronics & Communication
78,47,98,72,93,75,29,60,39,59,Data Science / AI
85,59,74,51,70,39,76,85,80,89,Electronics & Communication
81,66,70,87,53,20,50,34,64,83,Cloud / DevOps
56,61,76,100,66,67,81,13,57,47,Cybersecurity
72,80,68,100,49,11,73,94,55,73,Mechanical Engineering
48,73,45,40,63,64,97,61,98,98,Robotics / Automation
79,74,65,73,51,85,12,82,14,47,Civil Engineering
100,68,77,63,29,52,82,90,87,80,Electronics & Communication
79,68,63,100,36,60,18,78,59,54,Civil Engineering
92,74,40,68,70,23,52,82,67,68,Civil Engineering
100,68,86,100,21,31,23,96,80,52,Electrical Engineering
78,59,40,87,98,87,72,13,33,55,Software Development
62,74,51,70,59,46,36,39,47,97,Data Science / AI
75,76,53,96,68,17,57,76,11,51,Civil Engineering
66,46,68,75,51,62,60,30,24,46,Electronics & Communication
77,92,66,72,63,71,18,59,36,46,Cloud / DevOps
58,84,72,67,49,65,100,95,70,50,Robotics / Automation
46,93,51,64,85,35,74,97,68,65,Mechanical Engineering
80,54,47,40,10,28,67,18,61,61,Electronics & Communication
85,63,100,57,52,82,72,68,69,35,Data Science / AI
61,63,73,66,46,92,68,54,99,68,Electrical Engineering
84,57,49,42,88,32,63,41,32,85,Cloud / DevOps
41,64,65,63,59,94,33,99,82,42,Electrical Engineering
93,90,64,42,99,15,40,30,45,98,Cybersecurity
66,63,60,62,95,18,99,37,73,82,Electrical Engineering
65,66,60,78,57,19,23,74,51,82,Civil Engineering
80,58,89,57,67,31,42,36,74,35,Electronics & Communication
50,77,57,80,13,19,91,98,96,89,Robotics / Automation
40,92,80,47,53,61,34,60,14,31,Mechanical Engineering
52,97,58,59,24,100,27,51,95,89,Robotics / Automation
41,66,66,87,69,18,20,80,94,61,Civil Engineering
54,49,76,93,66,27,70,45,30,51,Software Development
51,88,70,94,87,22,32,47,25,98,Electrical Engineering
73,40,67,94,31,19,95,11,96,64,Electrical Engineering
61,66,67,40,66,55,32,37,14,98,Cloud / DevOps
100,58,77,73,66,99,16,91,76,43,Electronics & Communication
93,78,66,58,98,49,66,16,86,30,Software Development
86,43,79,55,58,35,41,57,40,55,Data Science / AI
93,74,79,76,12,63,13,11,53,54,Data Science / AI
48,59,80,77,38,22,95,31,31,35,Electrical Engineering
92,78,55,60,75,23,51,51,81,54,Electrical Engineering
76,40,95,82,79,60,64,25,39,57,Software Development
93,48,88,100,55,51,32,11,61,70,Software Development
55,83,70,47,59,37,68,38,18,65,Civil Engineering
82,84,60,95,15,18,37,62,48,93,Data Science / AI
49,49,72,75,78,82,31,42,22,71,Electrical Engineering
64,84,77,90,96,98,27,52,32,70,Robotics / Automation
73,81,63,100,18,52,12,87,84,87,Electronics & Communication
62,100,70,50,75,91,39,74,85,31,Civil Engineering
95,73,82,97,39,12,88,25,49,60,Robotics / Automation
80,63,84,75,41,89,20,17,27,77,Robotics / Automation
85,40,76,63,47,35,29,58,36,34,Cloud / DevOps
99,81,73,83,86,66,52,27,45,70,Software Development
60,96,99,82,76,63,92,46,13,59,Robotics / Automation
98,63,58,75,53,41,36,79,16,61,Cloud / DevOps
81,66,78,80,87,58,76,51,33,86,Software Development
60,79,82,78,18,72,18,34,16,48,Cloud / DevOps
92,53,77,53,26,21,32,85,80,56,Electrical Engineering
58,62,55,65,74,20,64,69,49,51,Cloud / DevOps
71,84,65,46,41,64,32,87,41,68,Civil Engineering
92,59,69,83,46,83,67,91,35,64,Robotics / Automation
77,88,77,59,20,56,60,58,31,90,Robotics / Automation
100,74,67,92,64,74,88,65,29,91,Mechanical Engineering
78,77,100,70,58,64,20,48,86,98,Electrical Engineering
70,73,86,47,80,32,42,58,69,69,Robotics / Automation
45,63,45,67,46,58,81,87,71,39,Civil Engineering
82,58,48,76,27,70,35,29,34,30,Software Development
87,46,82,89,74,57,72,61,63,80,Civil Engineering
89,90,100,68,59,72,49,92,85,39,Electronics & Communication
76,65,70,100,14,25,59,82,30,54,Electrical Engineering
54,59,90,93,42,54,75,100,72,77,Software Development
69,84,75,100,93,59,64,41,41,91,Software Development
76,87,100,85,56,90,100,96,13,48,Robotics / Automation
75,82,64,100,87,68,97,28,42,61,Data Science / AI
77,67,57,94,11,24,21,92,59,80,Civil Engineering
88,64,78,47,100,85,20,76,34,84,Data Science / AI
77,78,95,61,64,42,98,48,74,98,Robotics / Automation
55,58,49,99,85,49,62,21,23,74,Cybersecurity
98,76,88,77,44,36,60,99,49,30,Civil Engineering
73,67,65,47,31,72,10,22,18,83,Electronics & Communication
78,71,81,76,63,93,46,65,31,52,Civil Engineering
72,58,71,88,33,100,27,35,72,53,Electrical Engineering
57,73,73,62,67,82,37,33,35,37,Cybersecurity
66,75,52,81,34,43,62,66,90,43,Electrical Engineering
61,87,100,59,20,47,20,58,25,65,Data Science / AI
83,61,85,52,53,13,84,40,71,92,Electrical Engineering
82,58,66,56,11,17,44,10,95,35,Electrical Engineering
87,59,78,68,37,76,10,58,87,96,Electronics & Communication
73,74,58,78,72,70,53,87,64,73,Civil Engineering
97,60,87,100,57,97,53,50,40,76,Electrical Engineering
62,50,74,65,58,88,17,55,52,42,Software Development
100,72,57,54,68,99,61,27,13,45,Electronics & Communication
91,63,70,92,45,99,41,57,67,90,Electronics & Communication
67,71,69,87,62,94,34,10,91,71,Electrical Engineering
83,68,70,68,91,56,15,51,96,86,Data Science / AI
52,75,98,59,87,72,61,88,20,74,Civil Engineering
63,58,80,83,64,70,94,99,22,79,Mechanical Engineering
72,58,71,46,87,34,28,76,83,94,Software Development
77,85,51,47,26,73,21,48,96,100,Electronics & Communication
98,62,87,72,31,67,24,71,94,99,Electrical Engineering
72,78,56,77,41,37,31,94,99,41,Electrical Engineering
69,52,75,70,65,13,30,51,59,65,Cloud / DevOps
72,53,93,90,42,95,70,95,25,47,Electronics & Communication
89,67,44,100,91,72,21,98,52,58,Software Development
74,60,76,96,92,53,58,58,93,85,Data Science / AI
74,91,86,55,38,43,24,47,21,44,Data Science / AI
64,86,40,72,53,85,34,24,83,77,Cybersecurity
53,64,65,68,50,58,83,10,49,37,Electronics & Communication
66,55,100,100,34,59,64,50,56,46,Electronics & Communication
57,95,64,77,94,87,85,38,23,80,Mechanical Engineering
74,62,84,77,78,68,50,28,47,58,Cloud / DevOps
67,52,56,45,97,68,28,86,46,48,Software Development
75,54,66,99,86,50,49,74,98,45,Cybersecurity
92,71,68,100,100,83,71,90,37,93,Cybersecurity
82,67,48,82,100,58,17,52,29,56,Data Science / AI
87,62,74,68,99,16,32,72,60,68,Data Science / AI
72,40,66,92,12,80,60,53,64,90,Civil Engineering
65,72,58,81,60,60,19,77,46,66,Civil Engineering
71,57,89,91,99,34,99,80,60,42,Data Science / AI
65,79,78,86,51,84,16,100,48,88,Civil Engineering
49,87,61,68,93,30,83,27,66,91,Robotics / Automation
100,76,64,40,28,36,37,35,93,31,Electronics & Communication
95,51,54,69,83,23,96,28,58,84,Data Science / AI
96,83,67,80,17,22,55,70,32,36,Data Science / AI
65,74,71,92,75,93,53,85,65,49,Civil Engineering
89,79,64,88,90,61,41,14,25,60,Cloud / DevOps
73,55,63,76,72,48,98,86,32,78,Data Science / AI
88,69,51,76,69,93,58,45,90,86,Electronics & Communication
76,74,83,93,11,25,24,20,25,92,Electronics & Communication
66,62,54,87,38,12,85,83,83,91,Electronics & Communication
96,67,66,100,98,22,85,33,59,91,Cloud / DevOps
82,78,52,87,48,83,26,22,51,38,Electronics & Communication
61,54,64,64,33,61,99,12,60,98,Electronics & Communication
71,50,84,95,72,18,76,84,78,45,Electrical Engineering
45,86,57,90,94,25,33,86,98,53,Civil Engineering
73,72,67,96,10,81,67,50,25,35,Cybersecurity
56,81,86,87,83,36,93,30,21,62,Mechanical Engineering
100,64,84,73,20,25,74,48,56,99,Cybersecurity
93,71,64,98,64,94,10,41,48,35,Electronics & Communication
67,50,62,86,47,94,78,66,27,92,Civil Engineering
95,73,89,50,76,55,87,78,75,56,Software Development
68,67,68,76,94,15,40,14,34,48,Mechanical Engineering
85,65,72,74,37,27,87,80,37,75,Mechanical Engineering
61,70,67,72,26,89,64,19,80,62,Mechanical Engineering
75,73,63,97,58,93,30,61,68,40,Mechanical Engineering
57,61,100,56,96,64,98,28,78,56,Data Science / AI
54,83,40,70,90,44,91,99,92,54,Robotics / Automation
100,48,40,48,82,94,92,75,87,50,Cloud / DevOps
88,88,62,87,29,50,65,58,13,61,Data Science / AI
95,98,66,40,44,25,78,24,97,100,Robotics / Automation
62,65,66,71,18,52,91,21,56,72,Mechanical Engineering
91,91,67,94,28,38,45,11,22,78,Cloud / DevOps
80,72,83,76,58,23,25,32,77,69,Electronics & Communication
100,50,62,72,22,77,54,99,83,66,Electronics & Communication
81,91,69,49,87,22,16,31,50,79,Data Science / AI
87,83,40,74,54,96,78,80,86,81,Robotics / Automation
51,62,56,89,85,26,43,11,97,95,Cybersecurity
76,52,83,49,94,26,28,58,82,64,Software Development
79,59,64,84,91,57,100,41,96,83,Cloud / DevOps
82,92,68,80,33,66,55,69,74,66,Electronics & Communication
68,74,76,73,64,76,39,49,91,41,Electronics & Communication
47,76,75,62,62,50,21,91,20,39,Civil Engineering
55,94,77,70,40,21,31,83,17,40,Civil Engineering
57,59,89,77,46,80,73,11,64,95,Cybersecurity
66,79,57,100,71,73,75,97,96,98,Mechanical Engineering
95,65,60,40,61,11,88,34,10,84,Electronics & Communication
52,51,72,69,54,41,94,77,97,35,Robotics / Automation
54,67,77,84,31,96,77,38,32,39,Civil Engineering
46,70,49,91,27,75,55,16,64,93,Electrical Engineering
86,58,58,66,31,57,24,53,96,61,Electrical Engineering
41,77,65,92,47,48,71,47,43,57,Mechanical Engineering
58,62,47,56,90,82,60,37,49,95,Software Development
57,86,59,77,69,89,72,17,55,30,Robotics / Automation
69,52,67,85,52,48,55,23,10,74,Cybersecurity
56,84,57,66,61,55,11,22,65,92,Cloud / DevOps
82,62,70,69,20,77,75,29,62,45,Robotics / Automation
76,40,42,86,10,29,94,42,38,90,Electrical Engineering
90,58,66,80,57,48,56,64,33,98,Mechanical Engineering
85,41,56,69,23,66,94,66,30,47,Civil Engineering
85,100,66,49,65,10,55,100,35,44,Civil Engineering
81,91,71,58,34,46,15,27,60,83,Civil Engineering
89,81,54,81,14,30,95,35,71,64,Mechanical Engineering
89,89,69,68,63,72,80,73,97,46,Robotics / Automation
93,53,76,50,61,74,59,26,24,43,Software Development
90,68,89,83,26,29,54,74,11,60,Civil Engineering
56,93,93,90,16,96,53,64,86,31,Electrical Engineering
63,67,72,62,71,47,46,72,20,84,Civil Engineering
100,74,40,81,41,89,29,75,33,61,Civil Engineering
69,70,64,89,45,24,43,99,41,84,Civil Engineering
91,76,64,74,35,70,100,23,99,94,Mechanical Engineering
75,59,78,83,34,85,90,91,29,59,Data Science / AI
98,90,59,89,26,61,14,45,34,48,Electrical Engineering
60,82,62,56,12,88,35,21,16,78,Electrical Engineering
79,40,43,71,77,49,99,91,39,58,Cybersecurity
76,66,46,60,64,71,17,75,64,36,Civil Engineering
80,80,69,95,48,24,44,56,45,74,Electrical Engineering
80,60,65,49,41,50,16,33,15,30,Software Development
73,88,80,100,94,51,37,46,70,65,Software Development
70,92,67,100,65,33,42,72,56,72,Civil Engineering
74,82,92,71,48,24,22,95,11,100,Civil Engineering
78,91,68,51,26,52,56,56,85,97,Electronics & Communication
100,64,72,95,40,93,45,36,84,79,Electrical Engineering
65,56,73,42,23,26,90,87,25,35,Cloud / DevOps
70,75,65,47,34,100,67,22,19,99,Civil Engineering
98,73,91,70,48,70,35,78,29,35,Civil Engineering
61,76,66,53,26,34,63,80,42,74,Civil Engineering
97,62,42,98,56,67,90,25,65,38,Robotics / Automation
67,62,43,100,63,77,74,12,31,65,Cybersecurity
55,72,83,82,47,15,82,17,98,54,Robotics / Automation
74,46,57,78,73,97,78,75,19,51,Robotics / Automation
63,75,80,92,75,59,81,59,61,64,Mechanical Engineering
56,100,81,74,33,10,30,83,37,31,Civil Engineering
91,100,48,70,75,68,74,100,77,63,Robotics / Automation
40,74,75,74,38,47,100,44,80,45,Mechanical Engineering
65,41,75,100,38,15,78,40,47,35,Cybersecurity
66,78,46,83,45,27,44,16,92,61,Electrical Engineering
69,60,58,67,78,24,10,93,54,77,Civil Engineering
80,52,64,74,20,100,80,43,27,82,Mechanical Engineering
58,98,57,62,51,17,90,11,55,58,Robotics / Automation
60,98,78,58,32,42,12,78,94,43,Civil Engineering
91,75,73,68,98,58,93,42,90,100,Data Science / AI
63,77,61,100,66,38,51,44,36,80,Cybersecurity
55,95,68,80,67,39,65,57,28,91,Data Science / AI
87,62,82,40,73,33,68,33,32,54,Robotics / Automation
64,58,51,71,33,92,46,12,49,50,Cybersecurity
80,82,73,63,60,97,87,34,18,48,Mechanical Engineering
80,73,84,88,64,41,68,92,61,42,Civil Engineering
75,58,60,65,77,27,11,87,22,78,Cloud / DevOps
70,76,80,74,12,24,11,92,15,46,Civil Engineering
75,74,62,58,41,20,44,28,90,31,Electrical Engineering
48,61,77,62,23,79,53,100,20,55,Cybersecurity
71,78,77,55,71,82,66,30,49,72,Robotics / Automation
89,88,53,60,29,41,17,79,98,64,Electrical Engineering
92,69,40,49,12,15,23,79,47,43,Civil Engineering
71,54,63,75,75,63,28,10,38,33,Cloud / DevOps
96,67,86,100,64,59,28,55,93,66,Electrical Engineering
96,76,40,83,97,59,97,24,72,51,Software Development
90,70,96,90,38,23,46,55,19,72,Data Science / AI
83,88,75,40,56,20,15,87,29,52,Civil Engineering
67,89,57,70,64,77,52,86,33,84,Civil Engineering
59,98,95,59,29,95,97,48,89,66,Robotics / Automation
77,61,79,84,23,44,73,94,57,63,Data Science / AI
87,76,100,56,10,29,93,28,50,48,Robotics / Automation
49,66,46,48,67,71,18,24,83,84,Mechanical Engineering
59,58,55,84,28,21,51,26,33,79,Civil Engineering
67,69,83,61,50,73,64,71,98,82,Electronics & Communication
71,77,40,40,27,93,41,59,63,100,Robotics / Automation
80,79,100,77,78,78,73,78,78,59,Cloud / DevOps
87,69,74,100,20,84,63,77,83,58,Electrical Engineering
43,78,100,80,40,56,10,36,12,76,Electronics & Communication
99,62,69,75,70,27,24,17,54,76,Cybersecurity
41,54,53,89,47,68,28,80,63,61,Cloud / DevOps
88,76,82,72,38,17,27,25,99,48,Electronics & Communication
93,72,70,70,13,99,64,57,16,43,Data Science / AI
85,65,84,54,71,86,30,13,28,76,Cybersecurity
58,82,68,66,20,41,19,11,82,83,Cybersecurity
88,62,66,100,33,70,27,77,99,68,Electronics & Communication
98,95,65,97,62,53,66,92,98,31,Electronics & Communication
60,58,40,100,24,29,17,92,14,52,Electronics & Communication
62,70,56,87,30,11,60,64,97,88,Electronics & Communication
69,52,76,49,43,83,74,49,100,59,Electronics & Communication
62,40,48,78,30,44,21,76,58,46,Cloud / DevOps
45,49,69,65,61,89,17,38,60,53,Electronics & Communication
100,99,56,85,87,19,98,69,71,70,Cloud / DevOps
86,63,47,74,58,31,16,57,92,84,Electrical Engineering
72,65,76,61,44,23,23,19,56,72,Software Development
57,73,75,53,40,46,30,79,23,38,Civil Engineering
88,45,61,70,37,86,11,49,34,100,Cloud / DevOps
65,63,98,59,91,14,40,44,20,35,Robotics / Automation
100,78,71,83,15,16,50,21,49,31,Civil Engineering
100,57,53,61,46,60,74,34,50,80,Civil Engineering
75,46,70,100,26,99,96,22,52,82,Electronics & Communication
77,67,60,91,22,74,29,13,85,78,Electronics & Communication
62,99,99,79,85,14,47,30,29,89,Data Science / AI
74,87,86,60,90,21,39,37,97,48,Data Science / AI
67,52,76,86,74,76,87,93,76,73,Electronics & Communication
54,65,49,58,26,53,47,56,89,85,Software Development
83,60,65,45,97,59,40,36,88,39,Data Science / AI
77,71,59,71,82,90,73,22,11,48,Cybersecurity
77,59,47,100,80,21,73,22,68,70,Data Science / AI
65,70,85,100,47,30,18,45,83,76,Civil Engineering
56,78,59,65,21,19,32,100,68,63,Civil Engineering
64,55,69,48,70,42,66,93,27,45,Robotics / Automation
89,72,76,66,15,56,46,61,62,46,Robotics / Automation
69,76,52,68,56,75,89,50,57,40,Robotics / Automation
62,58,40,99,74,67,43,97,15,37,Cloud / DevOps
64,89,86,51,99,81,11,29,23,67,Electrical Engineering
58,100,96,74,30,82,61,19,38,79,Robotics / Automation
78,62,76,62,95,21,54,69,69,98,Cloud / DevOps
44,52,70,54,23,20,33,23,60,85,Cloud / DevOps
73,55,58,90,61,52,18,50,53,92,Cloud / DevOps
78,71,83,83,99,70,24,45,68,34,Data Science / AI
96,65,63,51,70,28,91,37,50,34,Electrical Engineering
68,86,89,92,17,56,65,70,37,36,Cloud / DevOps
48,88,42,91,12,97,64,44,42,52,Data Science / AI
69,82,50,96,28,18,45,61,20,68,Robotics / Automation
53,61,55,43,63,77,37,95,43,53,Software Development
76,99,100,76,21,64,53,48,31,55,Civil Engineering
91,75,77,68,63,71,70,78,98,50,Electronics & Communication
77,80,61,73,55,98,83,59,11,55,Mechanical Engineering
74,84,54,74,95,84,88,28,51,70,Software Development
100,89,90,75,29,68,28,73,50,44,Civil Engineering
79,87,93,40,96,62,43,76,10,87,Data Science / AI
55,91,65,62,91,67,91,84,22,34,Mechanical Engineering
56,63,48,100,34,63,99,79,31,78,Cloud / DevOps
74,71,78,92,54,36,34,96,83,31,Electronics & Communication
89,88,60,69,56,12,48,49,74,45,Electronics & Communication
86,64,69,82,93,68,62,62,55,75,Cloud / DevOps
86,45,80,70,76,52,24,32,68,84,Cybersecurity
85,83,94,99,32,80,86,30,79,85,Robotics / Automation
95,93,74,75,46,94,98,97,65,66,Mechanical Engineering
88,82,65,82,21,23,21,93,12,82,Civil Engineering
74,59,89,75,23,73,89,79,22,86,Electronics & Communication
100,47,61,75,84,14,95,47,63,57,Data Science / AI
92,77,74,54,68,80,58,24,35,90,Data Science / AI
57,76,49,65,54,69,62,92,100,80,Civil Engineering
82,57,94,97,10,57,38,74,46,64,Mechanical Engineering
51,58,40,60,49,63,96,40,10,83,Software Development
86,65,76,47,11,13,29,57,76,70,Electronics & Communication
86,63,70,73,31,83,65,40,81,80,Electrical Engineering
55,54,84,82,88,92,60,16,83,84,Cybersecurity
90,76,72,43,91,59,32,61,50,96,Data Science / AI
70,71,99,87,65,39,22,100,26,94,Civil Engineering
98,80,59,77,25,90,83,60,90,63,Mechanical Engineering
78,57,64,71,51,36,21,21,13,85,Software Development
99,40,88,58,90,85,29,13,89,99,Software Development
54,89,80,97,83,58,13,26,68,75,Cybersecurity
87,100,78,72,40,93,38,48,34,98,Cloud / DevOps
80,90,58,63,58,43,94,16,45,40,Mechanical Engineering
70,40,72,41,90,12,91,84,23,44,Robotics / Automation
75,84,62,100,86,25,23,28,46,63,Data Science / AI
53,89,80,44,21,19,73,56,36,80,Mechanical Engineering
100,71,56,49,72,12,62,19,72,39,Electrical Engineering
71,70,71,69,97,63,58,50,91,87,Data Science / AI
84,66,40,72,33,48,11,32,94,34,Electrical Engineering
40,77,55,77,53,54,71,88,86,99,Mechanical Engineering
94,57,85,67,30,76,42,25,34,33,Electronics & Communication
100,66,57,87,12,76,75,29,37,76,Data Science / AI
68,59,62,74,37,13,51,27,38,40,Cybersecurity
95,42,70,86,44,45,71,35,21,74,Electronics & Communication
77,91,68,71,93,47,69,73,65,95,Cloud / DevOps
83,73,64,84,34,42,32,35,97,65,Electronics & Communication
65,62,62,99,23,84,85,49,31,56,Robotics / Automation
40,77,70,44,65,67,64,86,44,70,Civil Engineering
79,79,78,40,89,23,87,59,64,55,Cybersecurity
95,60,80,88,57,90,18,67,31,34,Electronics & Communication
61,81,64,40,42,85,62,47,87,97,Civil Engineering
92,60,57,67,60,13,24,33,51,84,Cybersecurity
79,71,78,50,55,41,19,37,94,77,Electronics & Communication
63,70,98,72,28,50,25,11,50,31,Civil Engineering
91,72,62,70,37,69,82,51,39,38,Robotics / Automation
72,81,90,81,46,87,37,77,37,43,Civil Engineering
92,57,63,61,81,45,87,95,19,83,Cloud / DevOps
79,66,80,58,50,50,35,35,16,93,Robotics / Automation
75,82,40,100,15,45,63,25,25,87,Cybersecurity
70,41,72,75,86,51,85,59,40,32,Mechanical Engineering
73,86,81,80,12,92,83,10,69,66,Mechanical Engineering
81,70,96,48,61,14,78,77,15,73,Civil Engineering
77,72,82,59,92,12,18,70,22,83,Cybersecurity
48,74,74,100,45,50,54,61,20,70,Robotics / Automation
55,89,100,68,88,16,60,48,99,88,Robotics / Automation
55,65,70,85,92,25,57,89,23,33,Cloud / DevOps
66,95,53,43,16,11,27,23,51,85,Cloud / DevOps
91,40,66,100,31,21,34,57,78,30,Electrical Engineering
74,55,69,74,43,15,24,16,48,39,Mechanical Engineering
77,81,54,100,52,98,88,58,44,51,Mechanical Engineering
78,82,60,98,84,68,25,26,50,48,Cloud / DevOps
71,76,56,57,91,67,95,25,76,97,Data Science / AI
85,65,57,63,83,71,94,72,45,71,Cloud / DevOps
85,62,68,75,38,21,43,47,20,75,Electronics & Communication
46,49,75,61,41,94,92,36,98,39,Data Science / AI
90,86,80,100,73,17,37,11,95,57,Electronics & Communication
73,81,61,100,59,34,72,23,53,56,Robotics / Automation
100,72,75,99,49,100,68,93,29,94,Civil Engineering
72,62,83,76,23,26,38,56,59,87,Electronics & Communication
77,59,44,79,35,61,34,18,45,84,Cybersecurity
88,68,91,62,97,49,83,92,23,48,Cloud / DevOps
59,70,68,88,23,24,40,12,68,53,Mechanical Engineering
63,92,99,74,13,70,94,77,67,75,Robotics / Automation
93,56,86,93,25,80,20,55,65,57,Cybersecurity
87,71,40,63,60,74,65,75,52,36,Civil Engineering
65,57,71,67,66,44,57,22,16,78,Electrical Engineering
62,56,59,95,34,47,34,61,32,65,Electronics & Communication
65,64,63,81,87,73,76,65,23,36,Cloud / DevOps
81,40,85,100,24,38,24,16,14,64,Cloud / DevOps
59,57,63,61,18,78,22,45,38,81,Electrical Engineering
78,42,53,100,60,22,38,98,44,93,Cloud / DevOps
61,90,75,42,31,36,54,91,46,66,Civil Engineering
84,70,63,79,10,22,33,74,99,91,Electronics & Communication
82,82,87,82,98,40,31,50,97,38,Data Science / AI
54,64,100,88,33,52,68,28,11,90,Electrical Engineering
100,92,73,80,52,12,32,43,19,51,Software Development
74,45,70,96,86,55,70,84,10,92,Data Science / AI
66,78,82,58,70,24,15,12,82,67,Electrical Engineering
68,56,57,51,77,74,31,28,22,42,Mechanical Engineering
61,93,56,77,52,67,72,54,79,62,Robotics / Automation
67,89,89,90,42,56,68,11,55,68,Civil Engineering
79,68,52,100,76,94,86,71,24,64,Software Development
63,81,85,65,28,62,38,94,28,75,Civil Engineering
90,83,95,66,73,13,41,83,99,85,Electronics & Communication
55,64,73,76,36,21,34,58,91,43,Mechanical Engineering
69,43,77,100,90,96,79,67,77,52,Electronics & Communication
81,81,78,82,96,54,52,60,85,83,Cybersecurity
88,77,65,60,49,34,15,84,76,73,Electrical Engineering
71,76,65,80,65,68,82,54,46,44,Mechanical Engineering
81,84,89,76,73,97,28,69,97,49,Electronics & Communication
55,66,70,41,89,81,95,30,48,92,Mechanical Engineering
95,74,75,99,18,47,11,68,15,57,Mechanical Engineering
65,80,68,71,85,25,16,72,49,30,Civil Engineering
63,96,64,87,65,55,94,10,16,62,Mechanical Engineering
46,89,85,76,54,46,74,95,81,49,Mechanical Engineering
71,78,100,43,44,28,35,65,84,40,Electronics & Communication
86,58,69,70,38,14,70,55,41,79,Electrical Engineering
68,71,52,93,61,22,43,48,86,69,Electrical Engineering
48,80,65,53,82,65,96,51,84,47,Mechanical Engineering
78,48,70,49,42,27,63,80,35,68,Mechanical Engineering
81,58,63,80,20,48,82,90,69,99,Cybersecurity
63,71,47,86,58,65,22,27,77,86,Civil Engineering
100,100,71,89,74,97,55,69,55,84,Robotics / Automation
48,94,81,66,63,62,69,13,81,33,Electrical Engineering
93,68,63,83,21,27,88,48,41,95,Civil Engineering
59,87,54,56,26,89,79,82,47,36,Robotics / Automation
61,83,60,50,26,61,95,10,69,96,Robotics / Automation
65,71,52,54,16,20,17,44,93,43,Civil Engineering
100,59,65,68,86,22,47,82,71,72,Software Development
68,81,84,69,25,84,96,75,16,56,Mechanical Engineering
56,91,68,100,81,73,27,38,96,49,Mechanical Engineering
41,74,98,68,90,49,10,72,89,55,Civil Engineering
71,76,61,69,24,18,10,29,87,45,Electrical Engineering
69,62,88,83,41,36,23,70,13,94,Robotics / Automation
78,84,66,61,60,17,25,48,61,91,Cybersecurity
65,72,54,65,40,79,43,88,97,86,Civil Engineering
67,100,40,71,94,88,25,65,28,32,Cybersecurity
100,73,81,76,28,94,40,31,75,99,Electrical Engineering
64,40,73,61,70,71,47,47,95,42,Robotics / Automation
62,64,96,100,57,95,45,60,59,43,Robotics / Automation
78,65,52,83,63,64,28,13,46,88,Data Science / AI
100,68,40,87,82,59,11,84,48,34,Cloud / DevOps
89,48,72,83,15,55,27,69,68,65,Software Development
73,60,85,67,30,55,74,74,36,74,Electronics & Communication
52,41,88,86,59,75,18,32,93,49,Civil Engineering
76,65,62,55,93,82,53,68,27,65,Cybersecurity
68,40,58,69,60,18,92,71,58,90,Cybersecurity
84,71,81,99,83,100,74,94,77,63,Data Science / AI
90,79,70,57,99,51,85,84,54,81,Software Development
86,97,75,100,15,13,30,39,22,43,Robotics / Automation
52,54,82,79,96,70,51,39,40,43,Cybersecurity
94,71,56,71,59,63,18,17,88,62,Electrical Engineering
52,55,84,90,14,19,66,57,87,33,Cybersecurity
80,46,64,52,51,23,99,67,58,47,Electronics & Communication
92,63,53,75,35,35,42,72,66,66,Cloud / DevOps
65,94,58,49,35,30,65,77,34,41,Civil Engineering
42,71,61,49,84,13,90,95,22,56,Mechanical Engineering
92,82,69,99,27,10,56,62,82,99,Electrical Engineering
84,59,54,89,53,33,97,92,77,93,Electrical Engineering
80,74,57,85,36,83,70,74,55,75,Civil Engineering
63,70,91,63,89,81,27,18,66,84,Electrical Engineering
51,56,84,79,19,82,20,26,76,68,Data Science / AI
73,64,77,59,25,73,39,16,86,99,Electronics & Communication
79,61,56,63,12,38,47,42,59,75,Data Science / AI
69,71,73,40,30,46,19,78,83,60,Electronics & Communication
62,66,92,55,61,89,17,79,99,44,Civil Engineering
77,94,50,82,84,70,43,93,13,34,Cybersecurity
62,64,57,61,63,43,35,52,17,47,Cloud / DevOps
100,84,86,83,80,52,94,17,40,93,Software Development
50,77,86,59,82,88,99,14,54,39,Robotics / Automation
89,82,97,67,86,88,20,80,71,46,Cybersecurity
58,66,91,42,15,23,14,73,74,58,Civil Engineering
43,73,63,75,93,54,65,71,48,59,Civil Engineering
89,63,41,100,12,17,13,35,78,78,Electrical Engineering
60,56,86,68,80,71,16,59,58,46,Electrical Engineering
74,79,86,68,99,64,80,27,24,86,Software Development
97,40,81,59,88,57,55,34,53,85,Software Development
95,74,59,86,40,39,21,85,11,59,Civil Engineering
88,81,54,66,62,78,82,15,11,61,Mechanical Engineering
74,71,81,40,19,17,26,66,33,66,Software Development
80,67,57,61,50,54,87,93,41,67,Civil Engineering
71,40,59,59,26,87,60,71,94,45,Electrical Engineering
82,59,66,100,19,42,79,36,73,75,Electrical Engineering
89,85,62,84,66,48,56,80,47,61,Civil Engineering
71,69,76,64,77,44,50,99,79,94,Software Development
97,69,79,100,16,54,62,100,89,92,Electronics & Communication
90,50,76,90,20,36,27,76,39,69,Electronics & Communication
88,55,60,92,36,25,57,28,14,60,Robotics / Automation
63,67,93,74,93,68,24,12,73,34,Mechanical Engineering
64,58,74,51,45,85,59,48,20,37,Mechanical Engineering
71,76,89,87,88,59,73,12,58,79,Cloud / DevOps
64,89,65,52,15,38,36,58,33,85,Electronics & Communication
72,93,72,75,16,94,49,14,79,74,Electrical Engineering
99,50,50,45,87,53,43,85,37,33,Cybersecurity
80,74,93,79,89,65,64,17,23,100,Cloud / DevOps
68,72,71,44,96,46,78,69,64,96,Robotics / Automation
100,79,73,86,30,58,69,40,26,31,Mechanical Engineering
85,69,60,85,97,45,20,41,79,67,Cybersecurity
80,59,91,80,83,60,14,88,45,76,Cybersecurity
85,92,70,80,94,42,93,87,11,45,Cybersecurity
87,61,70,77,82,94,51,43,32,86,Cloud / DevOps
60,100,48,51,12,66,11,69,14,75,Robotics / Automation
94,82,54,85,91,81,37,62,17,40,Cybersecurity
97,71,100,43,88,80,50,18,66,53,Cybersecurity
85,89,83,71,45,43,73,26,39,52,Mechanical Engineering
70,78,82,85,89,93,16,39,24,34,Cybersecurity
90,56,66,58,97,74,66,84,50,35,Data Science / AI
69,87,71,100,17,43,42,12,96,75,Electrical Engineering
77,72,71,63,86,40,54,23,19,94,Cloud / DevOps
74,88,71,60,24,75,19,40,36,71,Civil Engineering
61,65,71,96,97,63,19,92,64,66,Cybersecurity
54,67,72,41,13,51,87,56,52,82,Civil Engineering
62,61,58,78,70,47,89,13,30,77,Software Development
72,63,76,100,47,29,85,13,23,57,Civil Engineering
99,43,78,71,75,75,84,54,37,78,Software Development
77,66,71,77,94,29,58,93,20,39,Data Science / AI
66,58,63,79,82,74,83,90,80,83,Electrical Engineering
83,84,62,80,77,16,87,70,94,97,Cloud / DevOps
89,89,69,71,50,44,34,83,47,61,Civil Engineering
77,54,67,88,52,41,56,39,68,70,Data Science / AI
84,67,73,60,98,40,66,62,56,40,Cybersecurity
85,70,65,68,81,74,19,56,93,91,Data Science / AI
74,65,79,67,67,63,39,82,26,98,Cloud / DevOps
98,93,56,76,62,96,84,95,27,63,Robotics / Automation
65,67,100,69,53,50,25,20,62,83,Electronics & Communication
80,80,54,59,28,83,73,90,35,53,Robotics / Automation
56,58,40,84,11,31,25,63,43,100,Robotics / Automation
100,74,48,63,22,26,14,65,13,51,Data Science / AI
68,56,82,89,26,75,77,59,64,75,Cybersecurity
57,82,92,100,61,99,81,40,47,45,Robotics / Automation
100,58,100,68,53,85,87,88,23,35,Data Science / AI
66,76,61,82,55,67,62,90,67,85,Civil Engineering
55,68,89,73,47,71,99,27,33,95,Data Science / AI
77,79,87,45,29,10,85,85,57,88,Robotics / Automation
83,67,72,94,51,66,32,75,85,65,Electrical Engineering
57,56,40,65,39,48,73,53,16,96,Electronics & Communication
94,70,49,66,84,75,64,46,51,79,Cybersecurity
52,55,75,53,32,28,15,36,65,96,Mechanical Engineering
91,70,71,69,83,88,50,22,54,66,Data Science / AI
86,83,75,85,25,46,45,72,66,58,Civil Engineering
71,80,64,75,31,46,43,87,23,59,Civil Engineering
70,65,59,83,95,45,28,22,36,100,Electronics & Communication
94,89,51,98,31,13,86,15,79,98,Mechanical Engineering
70,81,56,77,10,72,13,57,36,66,Electrical Engineering
79,49,79,99,66,76,26,68,47,44,Data Science / AI
72,92,67,90,66,65,73,43,21,47,Robotics / Automation
41,100,92,69,95,24,55,20,38,39,Civil Engineering
45,76,48,83,30,74,52,45,68,95,Data Science / AI
81,57,86,89,100,98,50,14,65,42,Cybersecurity
89,72,48,92,34,81,94,90,14,31,Mechanical Engineering
70,51,90,100,27,85,58,38,96,55,Electronics & Communication
74,100,71,68,70,29,72,33,73,66,Mechanical Engineering
65,96,58,88,35,91,21,76,37,30,Civil Engineering
66,65,85,68,65,18,72,81,88,56,Electrical Engineering
68,88,93,86,14,63,98,43,88,78,Mechanical Engineering
65,64,71,80,91,54,71,77,94,53,Mechanical Engineering
60,82,71,44,39,47,95,72,72,80,Robotics / Automation
61,64,68,100,79,71,47,22,38,44,Mechanical Engineering
78,59,73,68,63,67,51,41,94,84,Electrical Engineering
79,80,88,74,32,69,50,94,24,74,Civil Engineering
99,85,59,100,99,60,100,26,71,92,Cloud / DevOps
79,59,94,100,97,40,13,47,44,94,Data Science / AI
74,64,67,87,62,17,81,51,43,70,Electrical Engineering
94,80,71,100,60,66,64,61,43,36,Mechanical Engineering
70,87,65,82,72,38,53,91,15,69,Civil Engineering
73,71,64,99,67,62,38,83,31,98,Civil Engineering
64,60,100,92,36,90,24,88,88,72,Cybersecurity
40,63,42,57,87,79,12,12,58,41,Civil Engineering
40,69,52,76,55,80,18,93,16,96,Civil Engineering
50,73,63,100,36,56,78,35,30,98,Robotics / Automation
96,83,65,100,39,47,30,57,52,82,Cloud / DevOps
51,50,68,100,80,41,11,14,12,97,Data Science / AI
71,69,48,92,74,60,72,15,30,66,Mechanical Engineering
89,83,60,62,13,39,90,98,41,34,Robotics / Automation
55,73,53,53,25,58,93,61,26,64,Mechanical Engineering
68,64,61,83,19,19,74,100,63,32,Software Development
76,67,72,57,79,87,29,22,85,80,Data Science / AI
76,74,47,92,87,49,51,64,75,32,Cybersecurity
61,73,87,91,45,68,35,22,43,90,Electrical Engineering
75,66,84,87,47,64,21,38,62,65,Robotics / Automation
65,60,40,77,46,99,78,74,41,78,Software Development
73,89,75,99,73,60,57,79,23,87,Civil Engineering
64,89,62,88,38,83,13,60,39,87,Civil Engineering
53,75,40,70,71,82,23,92,49,72,Civil Engineering
81,64,54,90,28,90,20,22,81,51,Electrical Engineering
73,64,70,100,72,85,41,20,28,81,Robotics / Automation
92,89,76,77,76,82,39,17,73,62,Cloud / DevOps
40,61,62,41,49,53,29,14,51,82,Software Development
57,42,69,89,44,98,36,81,72,99,Robotics / Automation
91,78,55,40,50,93,40,51,69,91,Electronics & Communication
48,52,56,72,81,20,23,64,99,39,Electrical Engineering
59,77,66,75,26,11,30,76,25,51,Civil Engineering
92,54,76,74,35,66,24,14,64,93,Cybersecurity
69,85,83,57,90,77,72,27,80,83,Robotics / Automation
72,76,65,85,11,47,25,65,47,64,Electronics & Communication
79,99,47,72,51,88,57,82,93,51,Electrical Engineering
61,81,45,81,47,76,97,36,88,77,Robotics / Automation
65,60,48,66,70,69,36,52,27,51,Electronics & Communication
91,71,79,100,70,11,50,63,32,49,Robotics / Automation
78,63,77,65,18,10,49,99,34,55,Data Science / AI
67,49,83,68,78,68,52,22,17,89,Cybersecurity
77,56,76,61,18,54,91,81,38,74,Software Development
72,85,81,74,34,45,46,64,84,69,Electronics & Communication
48,100,96,88,89,61,42,81,79,55,Civil Engineering
63,70,61,97,19,85,29,23,37,65,Cybersecurity
78,60,62,95,43,82,23,26,76,79,Electronics & Communication
99,94,81,70,83,85,87,45,88,90,Data Science / AI
40,76,69,77,31,10,39,37,21,48,Cybersecurity
75,52,78,86,31,70,10,51,19,36,Cybersecurity
85,86,79,67,75,66,64,95,70,71,Civil Engineering
73,73,71,92,48,74,25,40,81,80,Electronics & Communication
84,100,100,76,59,100,70,55,49,96,Civil Engineering
40,90,61,60,77,20,87,37,31,65,Mechanical Engineering
69,65,79,46,65,81,66,72,98,62,Electrical Engineering
58,77,79,86,81,65,93,54,32,33,Robotics / Automation
63,57,62,79,69,95,54,64,37,54,Electrical Engineering
97,41,66,51,57,32,11,35,66,76,Electronics & Communication
50,86,78,83,34,10,85,49,52,42,Robotics / Automation
88,64,63,100,42,74,11,87,44,34,Mechanical Engineering
71,83,70,41,92,71,60,15,99,62,Cybersecurity
44,63,85,89,90,17,83,13,70,88,Robotics / Automation
88,57,94,57,32,70,92,79,23,34,Civil Engineering
78,71,67,99,13,88,29,100,32,46,Civil Engineering
64,51,70,67,20,63,25,17,66,37,Civil Engineering
100,82,63,55,22,79,45,34,93,32,Electronics & Communication
46,56,71,100,96,50,100,31,85,76,Electronics & Communication
91,75,65,79,11,95,61,63,95,37,Electrical Engineering
67,97,67,73,34,74,28,44,20,52,Robotics / Automation
41,69,82,55,15,45,87,35,98,94,Electrical Engineering
63,83,47,94,32,91,10,49,45,74,Data Science / AI
67,66,53,81,53,69,82,99,21,89,Civil Engineering
100,83,57,95,21,24,21,33,21,53,Civil Engineering
70,92,82,40,85,90,12,31,11,57,Civil Engineering
59,86,72,56,68,20,41,49,97,54,Cybersecurity
65,43,68,100,49,16,58,100,46,52,Mechanical Engineering
87,100,83,93,27,82,50,62,38,54,Mechanical Engineering
100,77,67,93,35,32,47,43,99,86,Electronics & Communication
96,64,59,77,21,72,55,84,56,74,Electronics & Communication
87,83,48,100,67,90,97,31,14,79,Mechanical Engineering
65,68,56,100,78,82,36,99,65,74,Civil Engineering
78,59,82,88,92,97,46,36,53,94,Cybersecurity
72,84,57,66,21,75,36,43,37,89,Mechanical Engineering
44,52,97,100,14,24,76,94,90,53,Robotics / Automation
75,96,67,70,27,69,85,51,57,78,Mechanical Engineering
75,70,66,95,51,99,23,90,55,31,Civil Engineering
77,82,85,81,30,63,70,52,53,42,Cybersecurity
60,51,72,71,55,49,30,69,79,53,Software Development
76,71,100,51,66,88,68,85,83,85,Electronics & Communication
45,76,64,80,70,41,42,57,86,73,Robotics / Automation
83,91,47,64,96,61,48,15,39,94,Software Development
81,83,100,92,63,64,44,83,61,33,Civil Engineering
74,58,61,64,30,75,31,48,86,97,Electrical Engineering
84,75,50,67,82,27,26,94,52,36,Software Development
88,77,78,81,49,28,54,68,60,51,Robotics / Automation
99,75,64,58,10,94,28,35,32,68,Mechanical Engineering
78,40,67,71,20,33,40,36,65,41,Cloud / DevOps
54,58,82,79,29,97,81,57,10,91,Cybersecurity
76,76,71,97,54,22,70,80,97,80,Electrical Engineering
76,50,94,81,70,95,58,69,100,61,Electrical Engineering
66,53,75,72,59,26,50,27,61,71,Mechanical Engineering
98,66,57,91,96,64,86,60,78,39,Cybersecurity
88,74,80,74,72,95,85,13,38,52,Mechanical Engineering
78,89,79,71,57,56,53,74,10,80,Civil Engineering
95,40,100,44,19,92,39,27,73,54,Electrical Engineering
65,71,67,93,37,48,65,21,53,79,Cybersecurity
59,75,61,80,64,29,46,49,59,91,Software Development
74,73,61,65,43,63,32,30,60,96,Data Science / AI
79,86,61,59,69,20,54,97,22,81,Civil Engineering
84,71,82,58,11,30,50,26,83,94,Electronics & Communication
48,64,58,73,97,68,11,72,93,81,Electrical Engineering
65,83,65,77,16,48,64,43,91,44,Robotics / Automation
77,74,69,84,74,57,70,52,78,76,Electrical Engineering
63,92,66,51,32,64,78,59,96,40,Mechanical Engineering
77,59,79,100,10,53,100,85,43,55,Electronics & Communication
63,76,43,83,88,68,65,16,69,66,Software Development
61,62,53,88,25,72,68,56,16,77,Mechanical Engineering
90,72,57,100,64,53,96,47,13,99,Robotics / Automation
63,40,76,55,32,47,55,63,12,87,Civil Engineering
89,66,79,100,48,91,14,86,24,75,Civil Engineering
56,63,68,100,14,78,60,41,32,40,Electronics & Communication
65,63,77,64,22,26,28,91,73,85,Mechanical Engineering
77,48,100,50,54,68,98,89,41,97,Robotics / Automation
70,71,98,51,15,19,51,57,14,48,Data Science / AI
100,83,76,57,58,75,20,53,91,68,Electronics & Communication
83,61,88,57,61,12,33,42,93,40,Electronics & Communication
73,63,55,88,24,34,83,43,48,95,Electronics & Communication
83,90,43,94,41,98,16,57,83,90,Electrical Engineering
100,65,98,70,65,45,98,33,45,94,Software Development
54,67,85,59,87,61,33,96,46,64,Civil Engineering
65,80,70,85,10,62,36,12,63,46,Mechanical Engineering
78,79,63,79,44,69,86,91,50,42,Mechanical Engineering
61,91,60,95,38,12,100,51,38,38,Robotics / Automation
71,75,62,56,87,68,85,63,91,72,Cloud / DevOps
48,56,65,78,70,81,11,53,53,70,Civil Engineering
90,65,56,49,66,29,69,73,36,98,Cybersecurity
82,92,88,87,96,59,42,61,14,40,Cloud / DevOps
84,97,74,86,81,54,20,36,77,77,Cybersecurity
70,51,59,74,47,50,67,96,69,33,Cybersecurity
75,100,71,96,89,84,31,89,55,85,Cloud / DevOps
68,67,50,61,12,46,81,72,40,78,Civil Engineering
82,72,84,78,78,26,58,87,25,42,Cloud / DevOps
69,100,68,95,37,37,24,83,47,52,Civil Engineering
68,82,83,78,30,61,80,62,55,57,Robotics / Automation
40,72,88,84,86,45,50,56,90,43,Civil Engineering
81,46,59,82,74,78,78,60,38,81,Robotics / Automation
81,90,67,82,69,46,67,30,32,81,Mechanical Engineering
75,57,40,82,10,78,52,69,93,52,Electrical Engineering
77,62,45,86,59,84,93,63,63,82,Cloud / DevOps
71,80,97,40,91,13,89,38,27,94,Software Development
64,68,91,45,86,83,62,12,51,61,Cybersecurity
100,74,68,71,82,90,70,97,21,77,Software Development
68,87,53,81,86,93,59,80,75,54,Electrical Engineering
69,60,100,82,68,57,40,32,70,55,Civil Engineering
84,89,48,100,26,47,18,13,36,89,Robotics / Automation
40,60,63,85,41,97,87,66,40,52,Robotics / Automation
78,69,69,57,74,92,24,87,52,50,Civil Engineering
52,82,80,100,41,69,18,10,14,82,Electronics & Communication
63,82,65,96,70,59,19,63,43,98,Data Science / AI
90,75,64,92,87,92,78,13,66,91,Software Development
84,61,50,69,47,60,15,56,61,95,Robotics / Automation
97,89,53,53,64,25,23,28,43,44,Cybersecurity
94,54,77,63,56,62,94,53,28,61,Robotics / Automation
99,60,87,78,36,43,22,52,92,39,Electronics & Communication
78,42,40,71,100,72,41,43,53,67,Cloud / DevOps
78,55,53,85,52,67,99,43,82,65,Electrical Engineering
83,69,81,53,27,28,76,46,13,58,Civil Engineering
69,96,71,77,82,56,47,49,30,69,Robotics / Automation
100,51,81,100,66,96,47,29,98,46,Electrical Engineering
70,84,55,62,87,47,59,42,91,59,Electrical Engineering
80,83,86,100,37,84,48,28,84,31,Electronics & Communication
73,89,64,91,56,75,76,61,71,51,Robotics / Automation
78,78,76,46,92,29,85,74,50,96,Cybersecurity
58,73,44,89,58,72,92,31,77,91,Mechanical Engineering
88,76,53,99,71,58,11,95,18,73,Civil Engineering
100,74,77,78,38,49,36,38,29,65,Data Science / AI
82,70,69,91,93,35,55,73,68,31,Data Science / AI
100,50,68,53,35,56,95,14,61,42,Civil Engineering
98,63,48,86,74,18,44,80,78,98,Electrical Engineering
100,81,73,82,17,67,82,76,41,61,Robotics / Automation
96,58,68,66,33,98,93,41,39,88,Cybersecurity
57,67,86,85,15,87,44,80,45,41,Civil Engineering
84,74,77,60,34,18,26,76,48,37,Civil Engineering
70,74,74,80,36,39,41,84,84,91,Electronics & Communication
72,66,100,91,22,78,16,50,91,39,Electrical Engineering
81,68,63,72,71,24,66,20,70,55,Data Science / AI
79,43,46,63,79,85,37,86,72,68,Software Development
78,68,92,48,84,65,24,66,92,54,Cloud / DevOps
63,94,71,90,10,42,62,86,44,93,Civil Engineering
100,61,68,70,90,32,52,74,71,95,Cybersecurity
45,67,83,84,92,48,43,78,41,73,Civil Engineering
84,66,60,97,45,96,81,74,49,86,Civil Engineering
67,76,72,100,24,33,72,10,50,95,Robotics / Automation
89,52,52,85,73,30,32,18,65,68,Data Science / AI
74,65,85,78,66,53,91,97,78,53,Electrical Engineering
75,83,64,100,23,39,37,49,74,69,Electronics & Communication
63,81,91,50,77,70,23,97,48,56,Civil Engineering
69,89,87,71,83,96,29,51,30,54,Electrical Engineering
63,86,87,54,31,30,88,94,30,71,Robotics / Automation
56,75,79,69,93,86,63,44,39,63,Robotics / Automation
85,61,40,67,48,57,28,49,52,75,Civil Engineering
75,67,52,42,67,49,64,82,60,83,Civil Engineering
67,85,88,96,10,61,17,62,55,47,Robotics / Automation
62,54,77,86,45,12,100,35,36,62,Mechanical Engineering
81,41,56,74,57,13,51,64,58,71,Electronics & Communication
82,83,72,80,81,35,37,89,74,86,Cybersecurity
76,82,74,76,23,19,41,30,51,91,Robotics / Automation
70,73,77,79,15,94,59,98,100,92,Electrical Engineering
80,92,73,63,45,87,85,58,17,42,Mechanical Engineering
88,51,53,81,91,53,45,78,57,86,Cybersecurity
82,53,64,64,24,70,27,19,51,82,Cybersecurity
67,86,80,74,29,85,48,83,35,41,Civil Engineering
66,51,91,85,66,41,51,83,79,63,Electronics & Communication
64,82,68,69,98,12,27,18,99,70,Civil Engineering
81,60,64,77,67,37,33,51,69,59,Robotics / Automation
67,82,98,61,56,52,35,96,100,63,Electronics & Communication
50,41,67,63,87,12,27,25,92,82,Electrical Engineering
78,73,45,42,60,72,16,77,17,95,Civil Engineering
79,74,63,45,57,12,82,65,14,94,Robotics / Automation
82,91,74,59,78,72,46,83,52,38,Software Development
75,51,85,76,82,21,81,24,78,50,Software Development
48,67,76,69,83,69,88,93,34,39,Civil Engineering
70,53,78,63,97,65,45,69,67,49,Civil Engineering
42,66,84,68,19,33,92,83,53,88,Civil Engineering
100,78,75,72,77,98,65,12,61,67,Software Development
73,68,65,84,89,59,12,11,38,71,Cloud / DevOps
60,55,53,100,29,43,38,84,96,71,Electronics & Communication
82,76,54,86,68,93,95,35,83,75,Mechanical Engineering
73,75,55,77,34,28,36,49,33,42,Software Development
68,60,81,47,78,87,15,26,79,74,Electrical Engineering
83,82,56,60,51,50,39,94,36,55,Civil Engineering
71,76,67,82,48,30,64,44,39,57,Civil Engineering
100,64,44,89,13,27,66,25,58,33,Robotics / Automation
100,77,53,72,36,58,16,67,66,81,Cloud / DevOps
58,81,49,69,36,58,85,25,21,52,Mechanical Engineering
59,73,64,78,30,36,25,72,87,75,Civil Engineering
75,57,79,74,50,63,34,36,21,94,Civil Engineering
60,100,77,72,71,42,75,24,68,32,Mechanical Engineering
96,99,67,81,58,63,61,22,55,76,Mechanical Engineering
60,69,67,78,18,65,93,48,39,40,Electrical Engineering
79,80,73,53,70,12,45,92,51,35,Civil Engineering
60,63,65,93,28,41,32,82,11,46,Electronics & Communication
57,66,84,69,29,27,98,70,14,37,Cloud / DevOps
81,69,73,70,94,47,57,89,63,50,Cloud / DevOps
85,48,64,80,32,32,76,29,95,53,Electronics & Communication
83,94,64,100,24,30,13,73,36,69,Civil Engineering
65,91,82,58,61,90,57,43,89,71,Software Development
79,71,79,70,13,52,13,70,14,48,Electrical Engineering
70,92,68,89,15,79,58,86,77,51,Electrical Engineering
71,96,59,63,22,11,54,38,21,83,Data Science / AI
97,65,94,91,24,70,69,63,78,86,Electrical Engineering
72,44,69,76,87,91,10,49,70,90,Cybersecurity
92,95,59,89,26,51,94,79,56,42,Robotics / Automation
86,88,77,40,73,83,35,26,38,95,Cybersecurity
72,54,66,92,28,38,94,20,22,81,Mechanical Engineering
79,89,75,51,88,23,41,38,42,53,Cybersecurity
40,74,66,57,52,100,69,95,85,96,Civil Engineering
49,60,67,86,76,83,44,26,51,84,Civil Engineering
77,96,54,90,94,28,84,14,59,36,Data Science / AI
75,82,63,94,33,11,28,91,14,60,Civil Engineering
79,61,69,70,30,60,51,11,83,91,Electronics & Communication
82,54,69,82,54,34,90,83,61,87,Cloud / DevOps
75,92,81,74,68,89,43,79,66,45,Civil Engineering
78,76,76,42,45,93,75,53,53,53,Robotics / Automation
70,49,89,73,53,72,80,68,94,42,Electronics & Communication
72,85,76,54,76,43,18,56,64,33,Data Science / AI
73,66,43,62,22,39,68,24,25,100,Mechanical Engineering
72,70,47,95,26,54,49,67,65,100,Data Science / AI
73,72,76,60,74,33,60,75,34,48,Civil Engineering
81,66,56,85,97,38,12,35,55,97,Data Science / AI
97,82,83,65,82,77,77,16,78,76,Data Science / AI
51,94,100,100,98,77,31,57,30,42,Cybersecurity
69,54,54,44,91,91,89,38,29,99,Electrical Engineering
73,96,67,80,35,45,16,61,47,79,Electronics & Communication
95,65,100,100,63,70,69,51,27,68,Software Development
73,63,80,68,19,42,100,81,95,69,Electrical Engineering
57,91,88,77,88,86,18,17,62,47,Cybersecurity
56,53,71,66,71,30,41,60,30,83,Electrical Engineering
69,87,80,99,85,34,41,54,19,58,Mechanical Engineering
60,66,81,83,27,61,25,84,96,49,Civil Engineering
97,78,97,84,36,66,28,96,45,71,Civil Engineering
90,67,70,91,11,91,25,76,49,97,Civil Engineering
99,82,68,99,23,90,86,70,39,86,Robotics / Automation
42,50,80,75,25,79,88,68,29,39,Civil Engineering
84,72,78,60,44,15,58,42,24,89,Electrical Engineering
83,86,88,100,84,31,100,98,72,67,Data Science / AI
78,76,47,65,76,23,21,87,86,76,Data Science / AI
72,87,60,89,95,73,99,65,63,37,Software Development
74,69,73,67,45,45,42,91,75,72,Electronics & Communication
68,46,66,66,95,42,55,20,11,42,Robotics / Automation
67,78,79,79,41,84,73,38,85,85,Robotics / Automation
89,80,65,66,23,100,72,81,87,78,Robotics / Automation
79,80,90,96,15,87,23,85,92,42,Electrical Engineering
66,70,80,94,25,40,56,84,96,83,Electronics & Communication
89,71,51,57,15,54,92,66,68,96,Mechanical Engineering
79,77,53,75,61,90,65,95,13,57,Civil Engineering
84,54,86,68,82,33,13,90,52,42,Cybersecurity
93,63,54,66,62,13,68,42,55,74,Civil Engineering
73,66,66,81,41,45,67,16,51,88,Mechanical Engineering
72,71,44,82,30,36,81,80,92,71,Robotics / Automation
73,96,55,42,54,32,73,21,52,75,Mechanical Engineering
84,77,54,47,50,49,22,21,91,81,Electronics & Communication
98,93,40,66,89,73,91,33,58,55,Cybersecurity
99,64,62,69,100,72,54,53,66,76,Data Science / AI
58,46,85,41,31,51,12,24,34,69,Electronics & Communication
78,85,48,58,99,92,81,47,81,98,Data Science / AI
93,79,60,96,60,89,99,19,35,41,Mechanical Engineering
93,76,56,67,86,94,61,43,28,73,Cybersecurity
79,69,84,47,60,27,59,23,47,40,Civil Engineering
52,74,62,63,38,66,15,41,80,49,Mechanical Engineering
48,72,69,86,13,73,38,98,38,61,Civil Engineering
76,70,87,51,38,66,92,37,28,31,Mechanical Engineering
83,46,57,53,41,12,88,71,66,83,Electronics & Communication
86,71,69,55,80,82,34,62,33,96,Cloud / DevOps
70,60,75,57,90,83,59,43,100,76,Electronics & Communication
94,46,57,100,65,57,56,40,50,99,Civil Engineering
68,52,73,66,19,98,27,51,99,61,Electrical Engineering
62,55,100,70,22,74,100,70,78,70,Data Science / AI
46,94,79,61,87,39,54,99,92,100,Civil Engineering
61,82,66,40,38,69,44,83,16,88,Civil Engineering
100,65,92,98,89,66,73,85,65,38,Data Science / AI
59,87,60,41,12,81,67,81,93,37,Civil Engineering
68,77,63,69,54,71,100,28,18,75,Mechanical Engineering
92,73,57,87,45,82,42,13,86,92,Electronics & Communication
77,40,76,82,100,27,60,37,94,87,Cybersecurity
75,85,59,81,78,99,96,48,52,59,Cloud / DevOps
51,78,99,57,28,79,97,85,50,30,Mechanical Engineering
63,61,71,55,55,85,25,19,88,38,Electronics & Communication
81,84,78,43,62,30,34,41,86,52,Electrical Engineering
89,86,82,81,13,93,73,25,52,41,Mechanical Engineering
78,87,98,57,61,83,99,97,59,82,Robotics / Automation
91,70,68,47,99,70,27,53,33,42,Cybersecurity
70,57,63,55,55,32,100,65,42,93,Data Science / AI
68,65,71,45,33,43,61,35,39,74,Data Science / AI
53,77,58,94,53,67,22,77,42,32,Civil Engineering
78,81,91,69,87,17,81,17,97,77,Software Development
66,85,77,71,31,10,77,11,10,71,Robotics / Automation
95,68,70,75,49,13,82,82,57,38,Civil Engineering
60,73,90,83,32,34,91,89,73,53,Mechanical Engineering
75,69,74,88,54,22,97,29,86,77,Electrical Engineering
84,67,74,83,66,100,32,74,29,86,Civil Engineering
59,74,40,83,13,89,14,78,25,69,Civil Engineering
84,83,64,80,47,23,54,97,33,96,Civil Engineering
96,93,69,77,31,22,73,34,87,49,Robotics / Automation
91,49,65,99,68,94,80,59,67,44,Electronics & Communication
89,77,47,74,18,53,41,56,28,60,Robotics / Automation
66,76,57,56,34,61,15,55,17,91,Data Science / AI
44,90,64,77,76,21,94,93,51,97,Robotics / Automation
74,55,51,56,79,92,35,46,51,47,Cloud / DevOps
64,77,58,100,35,47,90,64,61,85,Robotics / Automation
90,84,68,100,20,72,13,72,23,71,Civil Engineering
71,71,72,87,81,71,88,59,49,93,Cybersecurity
84,64,62,86,97,99,17,77,15,54,Software Development
85,66,46,71,49,85,83,79,32,70,Civil Engineering
84,99,52,67,16,78,13,16,48,79,Cloud / DevOps
69,92,69,58,55,78,16,97,65,95,Civil Engineering
83,65,51,58,77,32,75,57,97,35,Data Science / AI
100,77,71,70,22,68,33,38,50,39,Cloud / DevOps
79,76,74,77,73,36,83,91,88,31,Mechanical Engineering
88,72,55,63,58,36,98,24,47,30,Mechanical Engineering
45,100,82,60,94,52,32,59,39,77,Electrical Engineering
70,62,93,49,15,29,28,86,41,63,Electrical Engineering
76,70,82,73,97,83,100,90,49,56,Cybersecurity
48,68,55,76,62,98,11,63,62,78,Mechanical Engineering
96,45,57,65,34,72,42,86,11,80,Software Development
69,83,67,82,99,67,26,94,98,58,Electrical Engineering
65,75,81,61,91,24,24,30,72,38,Cybersecurity
86,72,85,71,78,51,31,42,97,80,Cybersecurity
80,71,68,79,78,46,46,82,43,43,Software Development
83,53,91,41,60,35,21,81,73,55,Electrical Engineering
64,70,76,100,76,14,70,71,23,44,Civil Engineering
47,64,40,75,39,14,59,33,20,38,Cloud / DevOps
79,95,71,93,65,88,57,66,28,86,Software Development
83,65,48,79,94,74,34,36,50,35,Software Development
52,91,67,96,29,53,42,32,54,89,Cloud / DevOps
67,76,73,74,92,17,60,58,29,67,Electronics & Communication
68,77,56,53,18,38,33,90,34,72,Civil Engineering
93,82,70,100,94,66,13,66,18,61,Cybersecurity
70,91,72,56,81,30,28,80,50,37,Civil Engineering
100,86,68,88,24,97,18,62,76,98,Electrical Engineering
68,84,40,56,89,31,51,57,14,48,Data Science / AI
89,68,73,50,97,39,10,58,10,37,Cloud / DevOps
100,89,66,67,82,25,38,90,14,99,Software Development
90,100,84,100,12,93,70,83,92,79,Electronics & Communication
61,59,52,82,97,88,59,67,40,92,Mechanical Engineering
77,69,82,97,54,91,68,71,29,88,Civil Engineering
52,63,82,66,78,56,38,28,46,52,Electrical Engineering
63,87,50,69,42,30,57,12,65,68,Cybersecurity
79,63,81,64,15,68,62,100,79,59,Electronics & Communication
96,70,80,88,26,90,55,36,61,83,Electrical Engineering
65,41,75,76,68,67,66,59,69,76,Civil Engineering
83,68,63,100,51,95,61,27,77,56,Electrical Engineering
52,83,61,68,37,34,82,34,94,76,Robotics / Automation
70,59,78,100,80,62,57,92,49,57,Electrical Engineering
82,73,55,84,28,70,23,79,93,87,Electronics & Communication
100,66,64,64,89,62,16,35,37,73,Data Science / AI
67,40,76,59,94,59,76,65,33,86,Software Development
50,83,53,68,98,36,59,82,95,52,Civil Engineering
96,50,47,79,44,97,82,29,92,81,Electrical Engineering
92,48,76,85,29,62,50,69,41,46,Robotics / Automation
44,83,83,69,50,88,88,77,90,34,Mechanical Engineering
93,89,71,66,18,20,12,11,16,72,Data Science / AI
60,71,78,69,50,55,35,29,37,69,Data Science / AI
42,91,72,68,56,89,50,84,67,90,Civil Engineering
87,94,40,82,53,100,32,47,48,42,Electronics & Communication
53,79,71,86,30,29,30,63,25,98,Electrical Engineering
67,43,63,82,30,81,80,90,70,65,Cloud / DevOps
90,54,85,63,24,94,28,66,22,35,Cybersecurity
80,64,72,91,58,70,58,71,31,32,Civil Engineering
56,61,72,100,66,84,83,33,67,32,Robotics / Automation
62,100,100,73,95,82,54,53,20,77,Data Science / AI
70,61,68,49,32,27,89,48,96,80,Electrical Engineering
73,94,60,70,24,95,35,91,51,67,Civil Engineering
49,77,73,76,20,55,87,73,12,83,Mechanical Engineering
71,67,77,74,56,42,34,75,45,96,Civil Engineering
79,75,86,87,13,72,50,31,16,60,Mechanical Engineering
77,94,76,98,43,67,65,53,15,64,Robotics / Automation
84,44,89,77,94,20,52,80,14,46,Software Development
74,76,64,79,83,12,48,58,35,90,Cloud / DevOps
66,91,68,68,59,14,98,96,44,78,Robotics / Automation
61,76,72,81,56,75,64,62,100,73,Cybersecurity
59,47,79,100,54,43,80,34,72,66,Mechanical Engineering
59,95,74,74,20,67,95,20,95,70,Mechanical Engineering
69,51,84,61,12,26,23,41,19,52,Civil Engineering
63,86,41,47,18,29,83,40,21,39,Mechanical Engineering
74,76,77,69,11,53,89,19,29,88,Robotics / Automation
100,68,66,60,95,23,88,25,17,47,Data Science / AI
76,81,88,48,20,33,21,21,10,85,Cloud / DevOps
71,78,78,75,36,16,20,59,51,97,Cloud / DevOps
83,59,93,92,70,35,100,73,87,53,Electronics & Communication
54,55,54,87,46,96,85,17,66,53,Electronics & Communication
55,67,76,73,10,20,32,35,43,48,Electronics & Communication
78,56,78,63,83,34,99,25,99,39,Data Science / AI
70,75,71,75,33,51,39,30,60,67,Electrical Engineering
63,67,70,50,74,91,46,37,64,62,Civil Engineering
68,77,50,95,40,77,10,93,97,62,Electronics & Communication
94,53,90,72,30,18,17,18,73,74,Electrical Engineering
81,64,83,82,89,65,20,96,67,31,Software Development
62,54,48,78,50,85,56,99,97,38,Mechanical Engineering
83,81,68,54,50,67,55,71,57,93,Civil Engineering
64,89,62,77,48,72,50,79,34,59,Civil Engineering
58,77,63,93,85,31,15,98,55,82,Civil Engineering
86,64,68,65,69,69,51,61,69,89,Robotics / Automation
53,59,72,80,29,28,59,63,13,47,Civil Engineering
77,67,83,76,58,90,29,61,56,31,Electrical Engineering
85,45,40,80,94,32,29,85,33,57,Software Development
53,68,65,100,12,60,70,29,44,73,Cloud / DevOps
80,74,82,81,12,73,60,30,48,100,Mechanical Engineering
68,88,53,80,39,34,72,87,73,85,Robotics / Automation
51,75,72,100,30,72,95,17,55,43,Mechanical Engineering
51,62,82,81,51,100,71,87,47,48,Cloud / DevOps
77,57,61,97,76,73,37,63,72,31,Cybersecurity
74,77,68,53,90,30,53,90,49,84,Software Development
89,79,100,56,86,26,77,46,53,77,Data Science / AI
87,52,72,92,57,82,70,18,12,87,Civil Engineering
43,68,61,62,63,41,36,51,98,59,Civil Engineering
80,88,68,78,91,70,45,81,53,72,Data Science / AI
76,72,53,94,26,51,90,83,39,60,Mechanical Engineering
79,77,57,66,72,82,70,12,50,95,Data Science / AI
72,48,44,64,59,28,89,51,20,97,Robotics / Automation
82,62,54,60,69,87,44,18,67,79,Cloud / DevOps
68,66,100,93,45,28,56,17,70,61,Cloud / DevOps
90,89,55,52,91,10,51,55,89,91,Data Science / AI
58,92,61,52,44,50,72,50,87,98,Mechanical Engineering
68,68,74,79,92,34,86,87,25,67,Civil Engineering
62,82,60,72,17,34,77,74,46,61,Robotics / Automation
85,62,61,85,64,99,11,48,43,56,Cybersecurity
62,66,78,100,47,13,13,93,92,83,Civil Engineering
84,79,77,55,20,57,69,28,67,78,Electronics & Communication
76,71,74,77,30,86,66,50,23,65,Robotics / Automation
80,67,70,52,45,35,100,87,68,66,Civil Engineering
70,92,74,74,30,85,26,51,12,45,Software Development
100,51,53,100,51,80,71,57,28,70,Electrical Engineering
75,68,52,83,80,13,90,65,92,71,Cloud / DevOps
83,55,67,68,32,51,88,14,92,66,Electronics & Communication
78,55,88,91,82,82,15,75,17,46,Cloud / DevOps
69,68,67,60,18,18,27,29,23,96,Cybersecurity
68,67,94,92,40,21,56,55,53,40,Electrical Engineering
89,77,53,74,53,18,73,61,79,37,Robotics / Automation
89,53,79,100,92,60,98,29,80,41,Data Science / AI
90,93,73,92,67,30,24,43,39,60,Software Development
64,83,79,80,92,97,81,13,16,58,Robotics / Automation
94,63,67,76,15,15,38,39,29,47,Electronics & Communication
59,75,44,93,50,51,59,91,95,80,Civil Engineering
75,64,57,70,12,75,47,73,13,83,Electronics & Communication
85,80,59,59,18,15,35,85,14,56,Civil Engineering
84,61,70,77,39,84,72,10,54,40,Civil Engineering
79,84,51,40,75,31,60,37,29,98,Software Development
66,99,100,100,90,89,46,44,81,77,Electronics & Communication
72,45,40,63,30,35,87,42,52,55,Civil Engineering
72,91,83,79,43,60,25,93,46,87,Civil Engineering
61,57,73,87,13,67,87,93,95,95,Electrical Engineering
80,56,79,82,36,33,24,15,59,43,Cloud / DevOps
58,60,80,70,35,82,48,98,96,57,Mechanical Engineering
98,79,62,74,56,69,16,92,90,59,Electronics & Communication
75,61,56,87,37,75,13,49,11,57,Cybersecurity
87,81,92,65,52,36,73,59,51,88,Robotics / Automation
100,58,54,43,87,31,72,71,81,66,Data Science / AI
68,64,77,79,19,88,23,10,13,36,Software Development
57,66,64,43,45,10,48,66,58,50,Data Science / AI
60,60,91,78,16,57,37,92,34,84,Civil Engineering
84,49,87,98,19,45,63,93,12,68,Software Development
45,61,77,86,25,48,28,43,68,56,Data Science / AI
64,67,61,76,91,97,13,70,32,31,Data Science / AI
92,60,85,60,21,40,68,84,98,64,Electronics & Communication
62,84,83,90,12,99,82,71,18,49,Mechanical Engineering
55,65,82,75,18,60,96,58,13,34,Robotics / Automation
58,78,59,100,65,69,62,32,11,35,Data Science / AI
98,81,90,76,45,100,46,71,35,64,Civil Engineering
86,94,73,70,13,95,44,34,40,87,Software Development
49,70,82,92,93,15,82,65,81,92,Cloud / DevOps
82,63,40,66,16,46,56,21,86,77,Electronics & Communication
70,67,79,100,70,79,30,57,94,77,Electrical Engineering
76,68,66,77,51,91,54,62,32,81,Civil Engineering
62,73,76,78,69,54,47,28,96,93,Electronics & Communication
81,78,43,86,62,56,65,21,87,62,Electrical Engineering
64,55,53,82,52,55,92,69,67,99,Cybersecurity
71,46,77,49,15,53,74,90,28,73,Electronics & Communication
77,75,83,100,90,30,83,27,36,80,Software Development
54,71,65,82,63,24,74,79,15,96,Mechanical Engineering
78,66,63,54,83,10,42,80,95,51,Data Science / AI
89,78,83,69,97,100,52,72,24,71,Cybersecurity
65,55,75,56,80,60,76,94,60,58,Civil Engineering
100,52,74,100,62,98,23,38,91,88,Electrical Engineering
83,74,55,50,98,34,10,74,23,93,Data Science / AI
86,94,63,54,19,98,49,40,61,68,Cloud / DevOps
40,57,68,100,79,91,22,34,13,32,Software Development
85,76,63,64,47,25,36,33,97,39,Electrical Engineering
96,75,40,62,42,67,25,64,55,81,Software Development
62,63,78,73,99,86,48,53,59,77,Cloud / DevOps
73,91,59,100,48,64,89,85,71,35,Robotics / Automation
64,73,65,77,14,73,50,54,13,62,Robotics / Automation
81,78,58,54,59,78,22,64,98,74,Electronics & Communication
100,64,80,46,13,58,14,72,21,90,Mechanical Engineering
70,70,77,40,79,21,20,41,90,42,Electronics & Communication
77,54,74,56,58,53,40,87,70,34,Civil Engineering
62,67,54,66,49,80,100,67,37,82,Data Science / AI
57,44,85,51,11,97,26,85,96,33,Electronics & Communication
72,83,60,60,66,18,74,33,69,65,Robotics / Automation
78,88,52,72,78,93,16,42,84,45,Cloud / DevOps
49,66,70,59,32,67,47,30,15,67,Civil Engineering
68,50,71,94,64,24,97,29,19,55,Robotics / Automation
58,62,77,96,72,41,10,59,93,52,Electrical Engineering
52,69,74,73,15,48,33,38,53,93,Cloud / DevOps
40,79,92,77,66,99,24,22,31,47,Cybersecurity
59,64,96,91,87,82,13,66,73,76,Electrical Engineering
84,77,60,71,12,100,77,98,57,99,Mechanical Engineering
73,80,92,95,63,70,14,45,65,84,Data Science / AI
53,75,81,86,18,21,43,95,55,90,Civil Engineering
65,100,50,55,61,74,41,27,25,33,Cybersecurity
78,100,57,70,21,83,33,95,35,87,Civil Engineering
91,71,64,85,94,79,57,81,43,91,Software Development
79,87,89,80,94,33,84,62,24,35,Data Science / AI
79,75,77,75,35,28,48,27,99,80,Electrical Engineering
74,89,92,47,57,17,75,11,24,97,Robotics / Automation
75,61,65,82,84,77,11,48,27,70,Data Science / AI
85,70,41,57,71,37,34,94,70,91,Civil Engineering
88,40,87,84,71,37,22,32,59,100,Electronics & Communication
94,69,40,82,19,28,95,26,75,48,Electrical Engineering
94,85,60,76,71,75,19,82,31,61,Civil Engineering
67,59,84,53,90,62,90,56,38,63,Electrical Engineering
61,55,47,77,17,65,15,51,60,33,Cloud / DevOps
92,69,47,90,95,57,60,67,87,58,Data Science / AI
100,62,62,84,71,88,75,62,92,50,Electrical Engineering
99,64,50,86,86,76,46,73,19,85,Software Development
86,72,61,92,63,18,81,20,100,48,Mechanical Engineering
82,60,70,50,57,45,60,45,69,73,Mechanical Engineering
85,68,63,74,78,87,51,49,70,95,Cloud / DevOps
75,85,78,72,59,98,85,98,81,47,Robotics / Automation
86,78,63,72,53,21,98,72,53,98,Mechanical Engineering
72,79,64,67,42,90,44,44,46,95,Cloud / DevOps
100,86,58,85,50,51,40,82,34,74,Civil Engineering
76,77,72,96,49,34,52,76,96,82,Electronics & Communication
80,71,85,79,43,86,64,95,94,54,Electrical Engineering
76,76,68,75,98,47,34,97,97,76,Cybersecurity
66,60,55,49,36,69,84,76,32,45,Mechanical Engineering
61,69,71,70,91,41,36,86,91,73,Civil Engineering
40,95,86,83,33,92,73,57,41,80,Robotics / Automation
100,57,98,57,44,82,68,78,53,48,Mechanical Engineering
78,52,70,81,87,19,42,25,58,100,Cloud / DevOps
72,82,71,65,10,18,34,42,73,88,Electronics & Communication
66,84,60,91,75,82,63,35,44,36,Electrical Engineering
93,46,86,100,90,72,86,23,70,85,Cloud / DevOps
78,80,85,70,50,25,27,33,25,76,Software Development
77,52,72,83,15,18,45,23,80,98,Electronics & Communication
82,87,58,65,26,22,97,64,36,35,Mechanical Engineering
100,69,73,73,11,24,53,89,45,66,Civil Engineering
62,96,62,54,65,40,39,38,89,64,Electronics & Communication
68,41,60,57,55,40,29,12,80,70,Electrical Engineering
84,61,83,100,31,59,36,79,88,32,Electrical Engineering
86,68,72,47,21,83,88,44,72,45,Electrical Engineering
72,59,80,100,41,62,38,40,68,51,Cybersecurity
82,42,64,77,38,45,23,10,40,69,Electrical Engineering
76,61,73,52,84,86,59,67,37,59,Software Development
60,81,54,84,20,62,66,66,29,79,Electrical Engineering
54,98,58,70,12,79,44,36,96,92,Electrical Engineering
79,63,72,85,77,53,51,12,73,94,Cloud / DevOps
89,83,67,72,66,87,36,57,28,39,Electrical Engineering
100,86,56,76,31,61,36,37,50,75,Electrical Engineering
69,69,51,67,45,41,47,39,58,90,Software Development
100,80,40,96,97,82,41,92,99,38,Cloud / DevOps
91,66,80,59,12,59,83,54,56,78,Software Development
67,94,65,41,72,65,67,64,21,85,Mechanical Engineering
74,70,87,75,54,39,44,56,43,91,Cybersecurity
68,87,71,61,31,38,84,92,76,97,Mechanical Engineering
92,74,70,78,14,58,56,16,39,41,Cybersecurity
58,64,70,71,21,88,99,80,16,62,Data Science / AI
94,75,82,75,77,42,67,29,47,48,Cloud / DevOps
90,77,70,74,45,33,39,62,49,51,Electronics & Communication
60,79,69,65,18,39,21,89,16,52,Civil Engineering
91,53,63,93,46,80,70,64,31,60,Software Development
79,71,73,78,35,87,19,18,22,64,Cybersecurity
52,66,94,63,78,25,69,80,57,52,Civil Engineering
70,63,68,64,29,78,33,41,11,71,Cybersecurity
82,74,81,56,44,75,12,74,74,37,Electronics & Communication
69,68,76,60,27,31,16,70,29,46,Cloud / DevOps
88,89,55,66,87,57,83,45,69,61,Cloud / DevOps
67,100,63,100,32,100,24,41,30,35,Data Science / AI
56,57,59,59,58,27,10,46,68,97,Robotics / Automation
70,61,57,95,96,60,80,79,61,97,Robotics / Automation
93,86,77,76,92,76,55,87,83,81,Cybersecurity
67,57,75,53,77,62,31,74,73,46,Electrical Engineering
60,89,98,82,36,19,86,57,48,44,Robotics / Automation
91,68,49,86,58,58,48,57,13,70,Robotics / Automation
83,73,66,92,35,12,37,65,91,48,Electronics & Communication
60,60,54,76,85,27,93,48,60,61,Cybersecurity
58,61,59,70,12,39,66,42,72,81,Robotics / Automation
52,73,88,77,69,57,36,69,26,83,Software Development
98,92,81,76,41,28,91,22,47,77,Mechanical Engineering
75,83,64,41,54,69,59,93,65,39,Civil Engineering
82,55,55,75,86,47,55,75,80,91,Software Development
73,50,72,92,71,18,55,52,34,69,Electronics & Communication
58,91,46,100,31,11,22,28,81,64,Software Development
68,74,41,73,13,75,37,90,76,77,Electrical Engineering
78,70,61,57,67,61,52,88,68,74,Civil Engineering
91,72,93,65,89,51,46,57,16,96,Software Development
68,84,45,53,66,72,65,75,14,100,Civil Engineering
91,54,42,100,82,74,18,29,58,72,Cloud / DevOps
54,74,71,40,91,44,28,28,35,41,Electrical Engineering
70,78,75,91,45,60,38,15,15,68,Software Development
69,82,59,49,27,34,63,82,34,83,Civil Engineering
55,50,85,47,29,64,80,82,42,56,Software Development
79,68,68,99,18,30,14,43,71,38,Electrical Engineering
68,81,70,72,69,31,96,73,24,40,Robotics / Automation
100,50,89,86,53,88,57,70,43,100,Civil Engineering
67,96,42,65,90,95,51,77,29,96,Civil Engineering
56,78,53,82,97,45,86,41,38,32,Robotics / Automation
72,64,75,70,71,44,52,75,48,93,Electrical Engineering
58,100,62,40,16,85,48,42,23,48,Electronics & Communication
62,52,82,80,38,38,41,69,29,42,Electronics & Communication
80,66,65,68,74,56,62,61,63,72,Mechanical Engineering
73,84,75,84,20,41,30,89,71,38,Electronics & Communication
82,85,74,81,17,65,61,65,29,83,Robotics / Automation
92,62,57,53,13,52,57,25,49,60,Robotics / Automation
77,44,76,73,72,60,85,37,61,85,Cloud / DevOps
92,61,66,95,46,41,88,31,53,50,Civil Engineering
95,61,72,80,85,58,20,22,20,40,Software Development
80,68,89,40,29,79,64,73,21,49,Civil Engineering
68,78,76,99,16,10,70,32,14,47,Mechanical Engineering
92,67,89,62,56,96,97,99,55,41,Civil Engineering
88,99,88,76,15,31,49,52,22,34,Data Science / AI
70,49,74,54,15,88,10,34,31,80,Robotics / Automation
63,54,63,74,23,44,85,47,88,97,Data Science / AI
79,62,86,71,88,46,27,18,69,63,Data Science / AI
63,75,99,81,92,99,75,22,73,58,Robotics / Automation
69,49,66,79,14,60,53,95,30,90,Robotics / Automation
69,47,57,100,55,75,49,47,93,81,Electronics & Communication
96,58,80,53,40,49,95,51,36,60,Robotics / Automation
96,75,84,44,29,100,29,14,20,37,Data Science / AI
85,71,82,91,28,23,67,26,29,39,Mechanical Engineering
75,62,81,73,52,98,50,84,40,91,Electrical Engineering
61,58,47,65,62,25,92,95,95,100,Mechanical Engineering
91,74,62,89,100,36,70,93,14,76,Data Science / AI
62,73,67,89,60,34,54,18,16,34,Mechanical Engineering
51,59,45,70,59,33,73,69,94,80,Civil Engineering
93,64,62,90,67,27,51,100,64,70,Cybersecurity
91,70,80,55,10,31,42,63,21,92,Civil Engineering
95,100,77,40,28,15,27,40,75,93,Electronics & Communication
66,81,63,97,35,33,63,14,11,76,Civil Engineering
83,61,70,58,88,57,53,10,23,91,Data Science / AI
72,63,87,100,37,28,52,97,94,94,Electronics & Communication
53,43,66,47,77,60,77,85,88,55,Electrical Engineering
75,83,92,78,15,68,85,80,47,98,Robotics / Automation
72,42,70,76,15,46,52,12,62,38,Robotics / Automation
84,61,63,48,63,69,87,83,39,70,Cloud / DevOps
40,55,46,81,67,43,48,93,14,59,Mechanical Engineering
67,63,55,40,60,43,10,77,39,35,Cloud / DevOps
97,56,63,48,67,40,60,10,65,36,Data Science / AI
89,74,57,67,45,78,79,63,12,94,Robotics / Automation
100,70,67,58,86,94,16,73,84,57,Cybersecurity
46,69,74,94,24,40,59,81,52,52,Civil Engineering
41,55,61,74,79,93,35,11,97,84,Data Science / AI
72,70,76,58,52,92,41,71,12,42,Civil Engineering
89,78,65,100,26,43,31,94,47,62,Civil Engineering
98,85,40,100,63,30,64,36,30,76,Data Science / AI
86,100,88,100,46,49,79,98,80,38,Mechanical Engineering
88,92,99,78,29,25,10,40,18,64,Cybersecurity
51,67,75,76,24,67,53,25,74,98,Robotics / Automation
56,47,58,89,75,25,71,95,88,65,Data Science / AI
98,85,85,73,55,21,55,32,59,54,Electronics & Communication
48,65,66,66,42,12,89,21,18,50,Cybersecurity
75,78,82,69,53,30,76,98,78,54,Robotics / Automation
46,64,70,97,90,54,13,53,59,85,Data Science / AI
66,79,74,75,75,61,37,31,34,91,Data Science / AI
88,62,61,74,39,94,73,81,68,79,Civil Engineering
65,79,59,79,92,57,35,15,14,87,Cloud / DevOps
73,75,63,68,10,83,55,12,95,77,Electronics & Communication
76,75,69,100,63,10,50,69,20,47,Data Science / AI
60,71,46,81,86,76,81,24,85,47,Robotics / Automation
58,67,64,80,73,80,80,53,25,34,Civil Engineering
66,63,91,80,41,49,78,64,47,34,Data Science / AI
66,68,94,70,17,48,95,27,99,63,Electronics & Communication
64,61,61,64,29,45,53,62,19,97,Civil Engineering
55,55,57,85,19,73,49,48,62,32,Software Development
69,68,89,98,46,51,33,21,27,97,Data Science / AI
70,62,57,87,56,24,22,43,52,70,Data Science / AI
71,66,57,61,33,83,37,84,20,59,Civil Engineering
79,52,84,65,16,45,49,80,79,40,Electronics & Communication
72,51,69,69,80,94,48,22,61,35,Cybersecurity
74,94,72,60,63,21,94,52,44,36,Mechanical Engineering
64,80,89,80,18,22,85,10,23,91,Mechanical Engineering
85,81,91,40,70,56,61,79,23,63,Civil Engineering
85,86,49,59,30,85,81,41,20,72,Mechanical Engineering
62,61,62,79,33,93,82,99,23,32,Robotics / Automation
87,88,57,59,37,100,26,31,97,95,Electrical Engineering
94,81,71,83,62,10,97,76,44,54,Robotics / Automation
74,79,64,79,80,40,17,65,37,79,Data Science / AI
52,61,59,68,77,47,54,27,61,82,Mechanical Engineering
61,63,47,84,44,41,88,25,100,83,Mechanical Engineering
73,46,57,81,92,87,73,10,24,81,Data Science / AI
66,61,68,81,42,98,26,83,33,45,Cloud / DevOps
53,80,57,74,26,15,39,41,15,39,Electrical Engineering
74,64,54,69,27,37,45,24,83,30,Electrical Engineering
99,51,95,70,24,99,11,62,23,73,Cloud / DevOps
75,55,58,65,67,28,28,92,25,77,Civil Engineering
59,68,63,100,62,58,94,76,97,65,Civil Engineering
57,73,73,55,66,94,35,91,28,56,Civil Engineering
85,66,40,86,59,55,34,95,94,61,Electronics & Communication
58,56,80,68,72,45,65,16,42,30,Electrical Engineering
88,90,60,89,69,30,17,17,68,97,Mechanical Engineering
63,100,59,93,36,62,24,46,28,66,Mechanical Engineering
87,76,59,72,32,64,11,70,77,38,Electronics & Communication
42,75,75,77,54,48,92,38,67,55,Robotics / Automation
40,53,58,80,71,59,44,30,71,58,Robotics / Automation
79,69,79,56,27,12,40,92,72,79,Electrical Engineering
84,79,75,71,80,75,92,28,24,64,Cybersecurity
100,79,55,79,76,42,98,22,44,96,Cybersecurity
86,63,86,81,61,12,18,82,23,60,Mechanical Engineering
40,76,63,84,42,41,95,81,88,97,Mechanical Engineering
89,74,94,71,90,73,77,10,29,32,Cybersecurity
84,84,68,89,98,80,63,82,53,30,Cloud / DevOps
66,65,50,79,34,33,23,49,64,62,Mechanical Engineering
79,89,81,69,85,35,90,61,95,75,Software Development
57,78,86,88,58,70,89,35,41,71,Mechanical Engineering
91,68,63,61,53,55,70,40,78,72,Electronics & Communication
74,70,73,72,39,65,81,12,98,39,Electrical Engineering
72,60,84,76,82,27,39,62,15,56,Cloud / DevOps
72,60,50,98,62,78,19,23,97,100,Electronics & Communication
83,47,81,91,27,38,37,37,57,42,Software Development
76,95,73,49,42,11,85,62,25,65,Robotics / Automation
80,75,60,85,36,21,53,40,88,45,Electrical Engineering
49,86,56,57,42,86,78,90,40,35,Robotics / Automation
73,78,72,61,98,45,79,31,94,30,Cloud / DevOps
67,55,66,94,37,62,52,22,21,94,Cloud / DevOps
74,84,91,64,83,45,10,64,99,74,Cybersecurity
72,100,91,44,67,81,99,31,13,42,Mechanical Engineering
80,72,82,61,95,45,34,32,30,59,Software Development
62,61,61,89,32,35,36,35,26,67,Robotics / Automation
57,62,43,93,17,94,67,38,89,47,Software Development
94,67,65,83,25,36,56,90,48,85,Civil Engineering
97,78,59,45,29,98,18,30,70,78,Software Development
58,73,60,78,31,57,14,78,32,83,Civil Engineering
66,56,52,100,23,20,30,37,19,49,Electrical Engineering
88,97,78,67,23,65,39,99,31,64,Civil Engineering
94,71,73,74,76,81,96,77,85,72,Cloud / DevOps
40,96,77,80,30,86,78,94,82,57,Robotics / Automation
74,74,61,86,64,32,88,66,45,70,Robotics / Automation
55,74,78,71,87,37,12,35,61,67,Electrical Engineering
80,57,55,79,78,69,21,84,24,46,Software Development
85,43,77,65,39,99,78,24,81,91,Electronics & Communication
72,51,57,92,93,84,27,16,76,53,Data Science / AI
75,66,68,83,26,40,16,75,87,99,Electrical Engineering
81,70,86,92,40,78,80,20,53,97,Electronics & Communication
81,72,79,80,21,43,43,52,80,47,Electrical Engineering
90,85,54,55,15,64,72,36,27,58,Mechanical Engineering
64,86,46,82,76,28,89,66,19,84,Mechanical Engineering
80,89,72,50,51,68,31,97,45,73,Civil Engineering
60,54,61,71,13,14,11,13,95,33,Software Development
57,94,50,99,20,51,31,91,84,40,Civil Engineering
92,85,59,81,20,98,34,71,22,86,Civil Engineering
55,85,68,67,78,92,57,17,90,33,Cybersecurity
56,40,54,95,55,50,58,96,24,94,Mechanical Engineering
68,69,79,100,47,43,30,20,79,48,Electronics & Communication
94,57,40,100,46,72,76,19,29,52,Mechanical Engineering
100,74,50,92,74,89,15,50,58,90,Software Development
73,70,83,81,74,65,69,13,15,36,Software Development
57,67,79,84,94,43,41,58,54,73,Data Science / AI
78,86,64,78,56,76,45,77,29,81,Civil Engineering
40,65,81,67,58,82,25,40,62,49,Mechanical Engineering
68,56,85,84,75,39,51,57,94,36,Electronics & Communication
87,46,67,69,49,31,83,58,15,100,Software Development
70,62,64,90,90,70,16,62,36,60,Electrical Engineering
46,98,77,74,87,88,81,68,89,75,Mechanical Engineering
88,50,60,72,89,91,77,33,26,38,Software Development
95,71,76,64,44,16,25,60,42,97,Data Science / AI
82,97,84,73,81,77,10,43,90,63,Data Science / AI
85,80,77,95,80,70,73,41,76,54,Cloud / DevOps
91,70,79,68,34,77,92,18,61,64,Cloud / DevOps
61,67,68,45,29,96,18,28,99,81,Mechanical Engineering
87,40,100,100,31,76,83,92,95,69,Electronics & Communication
71,72,74,64,48,30,12,41,63,46,Civil Engineering
77,69,68,78,77,65,37,23,49,62,Software Development
55,72,72,77,69,15,59,47,90,79,Cybersecurity
71,89,64,79,55,57,47,15,33,81,Cloud / DevOps
94,70,73,73,96,57,53,79,97,53,Cybersecurity
93,68,89,73,34,12,95,20,70,78,Mechanical Engineering
62,82,65,86,62,45,47,75,83,97,Civil Engineering
40,72,63,55,74,12,38,23,57,60,Electronics & Communication
66,63,69,50,99,74,76,32,45,72,Cybersecurity
79,92,74,89,69,88,99,17,96,73,Mechanical Engineering
91,90,98,66,47,97,91,17,47,60,Mechanical Engineering
64,83,80,88,37,36,55,34,77,62,Civil Engineering
100,72,76,57,100,25,60,38,28,43,Software Development
100,66,65,68,22,86,68,77,69,45,Civil Engineering
65,61,62,50,79,16,87,35,40,41,Cloud / DevOps
63,100,81,91,73,37,27,61,92,71,Cloud / DevOps
92,99,43,52,15,62,14,19,20,94,Robotics / Automation
62,64,65,66,51,59,22,69,74,82,Electronics & Communication
78,72,59,40,77,11,11,33,36,33,Software Development
60,63,66,54,85,23,52,63,24,100,Cybersecurity
67,55,68,55,86,77,11,41,98,78,Electronics & Communication
62,52,67,59,70,91,99,73,43,66,Data Science / AI
88,78,68,60,63,10,89,97,37,80,Robotics / Automation
80,82,72,100,88,54,27,17,19,69,Software Development
81,85,72,87,25,77,91,83,46,43,Robotics / Automation
63,65,75,81,38,39,60,77,71,73,Software Development
82,88,48,57,85,27,62,34,31,50,Data Science / AI
78,61,100,84,87,87,74,28,19,60,Cloud / DevOps
73,64,62,75,45,52,53,63,19,41,Mechanical Engineering
76,65,65,99,14,99,47,26,76,98,Electronics & Communication
95,75,49,84,15,56,90,12,53,60,Robotics / Automation
98,92,81,100,60,64,65,15,76,42,Electrical Engineering
75,81,59,80,26,64,12,15,34,37,Electronics & Communication
94,63,57,76,36,56,59,60,87,41,Electrical Engineering
71,81,63,100,59,29,97,68,19,71,Mechanical Engineering
55,90,58,42,22,32,37,42,53,75,Software Development
78,68,53,44,65,75,80,33,65,43,Robotics / Automation
74,86,78,76,90,72,64,81,92,48,Data Science / AI
82,71,48,49,77,43,47,15,24,60,Cybersecurity
71,69,82,88,80,10,77,67,34,73,Cybersecurity
84,67,49,82,40,71,95,80,77,47,Electronics & Communication
82,40,57,62,15,37,39,92,57,45,Software Development
76,59,69,71,23,95,57,67,98,32,Electrical Engineering
72,61,60,55,74,57,82,84,100,38,Electronics & Communication
80,80,58,100,46,83,33,12,67,62,Cybersecurity
70,94,60,40,61,86,100,83,89,83,Robotics / Automation
81,75,70,63,94,47,80,92,87,88,Software Development
74,64,65,90,76,47,28,78,56,79,Data Science / AI
77,81,66,68,28,52,82,23,47,32,Robotics / Automation
57,66,40,64,82,89,34,32,34,43,Cybersecurity
73,80,65,81,38,47,28,65,61,37,Electrical Engineering
42,71,44,53,89,99,12,81,70,49,Civil Engineering
72,91,75,75,60,91,25,68,63,33,Robotics / Automation
74,61,61,82,32,37,49,81,39,96,Cloud / DevOps
54,80,64,89,51,95,94,87,56,61,Mechanical Engineering
89,46,61,59,94,81,12,46,10,74,Cloud / DevOps
47,56,100,85,94,25,28,98,82,85,Civil Engineering
100,84,58,68,13,80,28,61,85,75,Electrical Engineering
83,78,61,47,65,94,44,21,80,78,Electronics & Communication
100,69,65,77,54,62,90,19,37,31,Electronics & Communication
71,73,89,72,71,64,22,96,97,48,Electrical Engineering
57,69,63,100,77,50,83,53,25,62,Cloud / DevOps
92,73,50,52,44,61,79,29,40,69,Robotics / Automation
75,77,64,66,90,15,13,31,71,58,Software Development
66,71,40,55,10,95,75,65,86,80,Robotics / Automation
65,90,57,78,18,17,24,59,74,55,Data Science / AI
78,91,88,73,20,95,34,88,52,33,Civil Engineering
67,62,66,67,16,18,58,77,17,65,Data Science / AI
83,78,78,97,47,90,87,19,51,36,Robotics / Automation
100,73,86,68,62,32,90,76,35,86,Robotics / Automation
92,87,85,76,90,28,16,57,38,65,Cybersecurity
64,51,69,100,12,73,66,66,86,66,Electrical Engineering
70,83,82,69,30,17,67,27,61,82,Cybersecurity
94,40,51,58,86,27,54,12,81,41,Cloud / DevOps
62,77,74,82,90,70,59,16,30,38,Mechanical Engineering
83,57,51,82,12,60,77,96,78,63,Electrical Engineering
65,48,84,100,34,35,35,68,39,41,Cybersecurity
98,74,79,99,50,55,31,35,54,81,Data Science / AI
65,88,74,91,69,79,20,69,11,56,Cybersecurity
77,91,73,48,96,23,20,87,30,30,Cloud / DevOps
96,57,88,73,24,38,64,40,75,70,Electrical Engineering
92,89,76,84,69,73,79,83,54,78,Mechanical Engineering
81,41,71,54,34,37,67,19,95,99,Electronics & Communication
77,54,52,100,49,43,85,16,31,71,Software Development
91,71,72,70,28,60,47,75,15,42,Civil Engineering
83,61,84,70,65,45,46,16,40,87,Cloud / DevOps
68,72,61,80,97,42,23,60,70,98,Data Science / AI
66,79,88,62,28,69,73,95,75,51,Mechanical Engineering
73,78,63,83,19,11,30,91,21,92,Civil Engineering
83,88,60,58,85,78,33,23,90,54,Cybersecurity
70,57,78,54,76,63,31,83,79,73,Electronics & Communication
100,91,70,90,97,87,66,39,64,59,Data Science / AI
50,100,61,72,24,75,32,79,97,70,Civil Engineering
47,79,53,76,62,13,53,39,83,87,Software Development
66,55,57,79,73,99,85,79,91,84,Electronics & Communication
55,60,79,100,97,25,68,71,99,37,Electrical Engineering
82,58,64,75,73,40,61,76,28,31,Civil Engineering
69,85,73,91,10,58,79,28,20,51,Mechanical Engineering
70,91,67,57,38,90,54,51,96,50,Electrical Engineering
100,44,58,63,60,96,94,56,11,72,Electronics & Communication
100,99,92,69,67,23,97,43,61,49,Mechanical Engineering
100,77,84,78,76,93,32,19,83,47,Cybersecurity
74,68,66,85,82,60,68,86,15,98,Cybersecurity
80,71,92,40,40,65,89,87,79,66,Mechanical Engineering
82,82,87,73,30,26,14,52,14,59,Electronics & Communication
78,86,92,69,65,86,98,42,74,67,Mechanical Engineering
79,97,40,62,48,87,53,88,75,100,Electrical Engineering
96,88,77,66,92,20,46,54,67,99,Cloud / DevOps
61,63,93,63,14,98,93,66,21,75,Cybersecurity
76,60,82,65,40,79,61,67,59,91,Cloud / DevOps
73,46,45,75,79,94,33,13,88,87,Cybersecurity
55,100,40,60,58,19,88,18,90,89,Robotics / Automation
75,66,53,57,88,78,73,59,79,49,Cloud / DevOps
60,67,99,76,74,73,29,26,50,96,Cloud / DevOps
92,79,86,40,73,14,92,78,50,97,Mechanical Engineering
70,91,61,100,61,92,33,97,90,60,Electronics & Communication
97,64,62,56,16,99,44,13,94,76,Electronics & Communication
65,53,76,48,58,89,52,97,68,34,Software Development
84,81,45,100,96,25,31,45,79,52,Cybersecurity
82,83,58,86,57,44,42,33,77,80,Electronics & Communication
91,70,100,75,85,60,35,27,55,67,Data Science / AI
92,76,78,44,91,41,91,27,97,98,Cybersecurity
80,60,57,100,60,38,34,79,83,43,Electronics & Communication
71,56,64,51,61,31,43,20,97,71,Electrical Engineering
96,61,77,99,78,53,71,32,53,79,Data Science / AI
67,79,54,100,83,31,61,85,38,58,Civil Engineering
89,69,58,72,53,77,87,97,57,43,Civil Engineering
69,100,51,77,38,74,23,81,100,80,Electronics & Communication
74,70,68,72,56,13,92,72,76,63,Electronics & Communication
88,81,76,40,81,51,12,88,51,92,Cybersecurity
79,47,79,100,43,38,10,34,49,45,Electronics & Communication
61,68,61,97,83,19,24,71,86,91,Civil Engineering
76,97,76,79,31,16,35,76,100,72,Electrical Engineering
76,84,43,76,44,14,21,56,36,80,Mechanical Engineering
73,82,67,56,21,51,47,68,23,71,Civil Engineering
75,55,41,88,35,23,37,32,56,57,Electrical Engineering
83,79,89,63,70,77,22,40,64,87,Civil Engineering
53,70,64,59,15,12,89,44,29,43,Mechanical Engineering
73,62,42,67,21,14,55,32,68,79,Electronics & Communication
57,75,60,95,25,99,85,77,70,37,Mechanical Engineering
99,82,46,100,71,10,44,56,26,60,Electronics & Communication
98,72,89,65,77,81,54,61,30,47,Cybersecurity
47,60,95,48,81,64,63,17,51,94,Electrical Engineering
74,72,62,67,67,78,66,45,48,51,Cybersecurity
76,63,48,78,73,100,53,75,53,65,Electronics & Communication
91,85,57,52,90,53,85,64,56,70,Cybersecurity
70,95,79,87,32,74,26,48,88,45,Electrical Engineering
88,78,71,86,98,64,52,13,27,30,Software Development
66,50,80,97,15,29,49,57,91,59,Electrical Engineering
58,84,95,74,19,40,26,92,24,71,Civil Engineering
62,73,61,63,50,18,36,10,51,73,Robotics / Automation
81,47,48,75,14,76,36,91,91,84,Electrical Engineering
74,77,98,76,97,22,46,48,46,96,Cloud / DevOps
83,57,81,65,59,85,89,72,28,93,Cloud / DevOps
76,70,85,51,64,67,91,66,47,82,Cybersecurity
40,68,77,77,10,26,56,75,100,51,Civil Engineering
93,78,61,40,57,46,36,18,77,57,Electrical Engineering
71,87,64,75,100,79,23,27,34,38,Data Science / AI
81,56,79,100,35,87,28,92,10,69,Data Science / AI
72,55,69,40,17,58,11,21,76,61,Electronics & Communication
80,78,95,71,43,72,30,36,80,89,Electronics & Communication
81,59,64,47,13,78,31,70,61,96,Data Science / AI
72,67,74,63,95,68,32,33,54,91,Cloud / DevOps
76,66,65,76,51,43,56,81,90,64,Electronics & Communication
75,83,68,68,27,58,29,83,14,71,Civil Engineering
72,61,64,100,28,89,21,75,95,88,Electronics & Communication
61,67,64,70,94,80,40,23,60,36,Electronics & Communication
70,76,44,93,33,66,25,92,70,52,Civil Engineering
84,53,40,57,18,68,97,37,35,86,Cloud / DevOps
71,100,78,42,82,93,84,33,13,71,Data Science / AI
64,71,73,51,32,29,83,82,88,57,Robotics / Automation
72,61,53,79,31,22,64,51,94,39,Electronics & Communication
86,84,78,66,40,80,80,28,40,51,Robotics / Automation
85,76,72,63,93,56,99,41,83,99,Data Science / AI
67,73,100,80,50,81,49,44,63,45,Robotics / Automation
65,59,62,100,92,69,73,38,30,80,Mechanical Engineering
69,85,64,79,41,12,83,52,43,62,Robotics / Automation
86,63,60,100,88,24,33,67,87,86,Software Development
89,83,81,83,33,83,32,66,18,50,Software Development
100,72,78,48,52,41,95,86,69,97,Robotics / Automation
62,53,89,40,24,37,72,100,51,47,Electronics & Communication
68,40,57,66,76,41,26,29,13,42,Cybersecurity
95,77,57,94,56,60,16,80,34,52,Civil Engineering
75,72,51,57,14,15,43,80,72,89,Electronics & Communication
62,72,71,100,54,97,36,98,100,77,Civil Engineering
80,40,73,48,95,75,55,33,40,98,Cloud / DevOps
60,59,60,50,17,15,35,12,45,68,Cloud / DevOps
78,50,75,100,59,92,20,83,83,71,Electrical Engineering
55,67,40,69,68,18,54,30,36,41,Software Development
84,82,71,91,29,92,83,31,85,74,Mechanical Engineering
100,97,62,48,21,48,35,71,45,95,Civil Engineering
68,57,76,53,34,17,88,35,10,83,Robotics / Automation
73,84,68,57,20,36,97,85,73,41,Mechanical Engineering
92,43,65,74,28,60,16,91,29,49,Data Science / AI
75,74,79,74,36,30,25,97,99,88,Electronics & Communication
69,65,60,89,69,94,27,16,24,41,Data Science / AI
65,84,70,65,24,58,61,23,26,53,Software Development
84,61,79,78,25,89,14,67,27,73,Electronics & Communication
66,79,78,95,66,41,35,89,37,34,Civil Engineering
89,79,53,100,47,83,34,65,58,73,Cloud / DevOps
53,86,76,53,78,11,94,32,68,68,Mechanical Engineering
73,70,89,62,29,46,32,22,21,66,Software Development
71,40,96,55,81,97,60,90,77,47,Cybersecurity
79,70,68,89,11,83,95,51,27,49,Mechanical Engineering
100,75,79,80,58,26,12,85,34,76,Civil Engineering
90,65,86,94,54,58,18,93,10,57,Civil Engineering
91,62,67,79,26,98,84,73,12,42,Cloud / DevOps
54,95,69,80,68,25,28,45,34,84,Civil Engineering
66,52,60,78,80,51,79,56,59,69,Cybersecurity
85,74,75,68,37,13,43,19,29,33,Cybersecurity
82,94,80,89,71,16,64,25,56,50,Robotics / Automation
79,49,54,83,39,81,73,45,17,51,Software Development
74,78,95,88,66,20,65,64,85,32,Electronics & Communication
93,73,57,73,39,26,26,46,77,43,Electronics & Communication
62,95,81,84,50,43,30,97,90,30,Civil Engineering
93,41,78,51,38,99,100,46,14,61,Software Development
74,67,79,79,25,12,88,56,61,93,Robotics / Automation
95,62,80,77,57,64,49,89,18,77,Robotics / Automation
50,58,67,95,85,96,54,57,46,84,Cybersecurity
81,54,67,100,41,42,71,23,27,62,Robotics / Automation
76,67,77,88,65,10,24,15,81,37,Electrical Engineering
68,79,65,87,75,25,14,36,13,82,Electronics & Communication
77,79,58,60,39,22,67,61,45,41,Robotics / Automation
89,70,74,69,30,64,76,15,79,31,Electrical Engineering
88,62,67,89,95,56,67,23,28,33,Software Development
92,64,99,80,53,100,17,69,20,55,Electronics & Communication
59,77,64,82,15,62,67,23,41,36,Robotics / Automation
74,73,56,92,39,52,20,16,46,76,Electronics & Communication
57,55,75,100,45,72,48,35,61,52,Data Science / AI
69,82,86,89,100,35,13,12,82,85,Electrical Engineering
70,55,40,70,54,78,77,96,55,87,Electrical Engineering
92,55,80,57,100,64,86,42,73,33,Data Science / AI
76,82,60,78,25,81,10,52,35,55,Electrical Engineering
68,82,73,76,30,66,42,65,60,85,Cybersecurity
98,81,59,73,20,55,84,18,77,60,Mechanical Engineering
73,73,100,81,99,70,12,14,17,64,Cloud / DevOps
44,63,41,69,63,64,22,49,52,33,Data Science / AI
45,58,47,81,24,16,67,85,72,89,Data Science / AI
75,76,68,49,42,14,12,93,43,60,Civil Engineering
82,100,76,67,79,80,18,82,99,64,Software Development
53,58,76,94,50,41,95,100,18,70,Cybersecurity
78,83,80,84,15,42,88,87,74,34,Robotics / Automation
65,74,57,75,92,86,73,60,87,97,Robotics / Automation
79,97,50,83,91,38,92,18,35,89,Cloud / DevOps
97,83,82,85,97,25,63,58,87,67,Software Development
94,55,49,74,62,58,22,29,37,92,Mechanical Engineering
42,90,88,67,16,72,71,83,44,61,Mechanical Engineering
69,70,70,77,32,51,65,33,36,95,Mechanical Engineering
83,69,84,83,84,82,24,88,67,31,Software Development
65,92,49,73,43,31,65,94,27,33,Civil Engineering
89,61,74,84,37,69,16,75,68,99,Cybersecurity
62,70,67,65,23,21,62,17,30,33,Mechanical Engineering
100,60,85,67,22,79,20,40,57,95,Electronics & Communication
58,73,79,91,84,67,28,24,20,86,Software Development
98,100,73,63,78,74,90,85,47,95,Software Development
81,68,83,51,19,79,61,43,48,98,Cybersecurity
100,84,44,62,30,25,67,55,76,95,Electrical Engineering
87,89,50,87,83,66,74,57,66,31,Data Science / AI
45,70,86,65,17,13,43,79,15,83,Civil Engineering
52,74,60,86,70,50,70,95,21,53,Civil Engineering
61,60,40,78,34,58,82,20,48,81,Data Science / AI
72,54,72,93,92,95,20,30,75,93,Cybersecurity
71,76,74,53,31,86,95,64,81,94,Mechanical Engineering
100,64,79,88,69,60,84,95,71,36,Electronics & Communication
72,81,73,49,15,85,55,39,25,63,Data Science / AI
70,62,63,51,84,64,24,55,64,35,Robotics / Automation
91,96,84,97,80,92,41,32,72,66,Data Science / AI
69,62,58,86,52,58,55,23,68,80,Cybersecurity
78,70,89,82,47,91,15,87,63,66,Civil Engineering
62,61,80,93,88,58,59,79,41,63,Electrical Engineering
83,100,94,82,13,44,67,75,49,49,Civil Engineering
62,52,64,88,18,66,11,29,81,73,Data Science / AI
100,78,87,70,59,28,30,55,84,61,Electronics & Communication
84,84,40,67,45,79,79,26,10,94,Mechanical Engineering
89,76,52,40,44,78,61,78,99,94,Electrical Engineering
69,70,56,77,88,15,65,27,43,80,Robotics / Automation
82,82,40,51,29,77,66,87,83,38,Electronics & Communication
70,80,77,83,12,89,18,21,48,39,Cloud / DevOps
69,67,59,88,24,85,41,55,94,50,Electrical Engineering
61,84,73,74,62,23,39,37,70,82,Software Development
65,51,60,69,53,33,41,15,42,71,Electronics & Communication
40,69,83,85,75,22,61,52,99,32,Cybersecurity
67,72,61,77,56,45,48,73,28,63,Civil Engineering
98,86,77,66,25,88,22,64,50,34,Cloud / DevOps
86,46,66,85,99,47,45,13,82,83,Cloud / DevOps
86,82,74,71,18,70,71,18,76,46,Robotics / Automation
83,57,57,76,86,78,83,79,90,35,Software Development
77,44,76,88,61,69,80,28,22,64,Data Science / AI
73,100,59,68,66,44,62,76,23,58,Civil Engineering
69,70,65,49,51,89,33,60,90,78,Electronics & Communication
66,70,88,100,79,64,88,94,78,61,Electronics & Communication
95,60,59,72,99,89,80,66,49,94,Cloud / DevOps
100,69,50,65,82,49,98,21,51,73,Cybersecurity
86,82,66,87,50,94,16,24,25,47,Cybersecurity
40,73,82,60,17,97,71,56,41,78,Mechanical Engineering
62,44,93,62,54,24,19,70,20,84,Software Development
78,81,92,72,39,86,78,81,60,56,Robotics / Automation
66,74,89,71,50,41,62,100,92,46,Electrical Engineering
60,48,51,90,75,84,43,51,57,37,Electrical Engineering
70,62,59,76,72,10,16,13,86,68,Electrical Engineering
71,67,90,100,48,77,84,42,32,36,Mechanical Engineering
50,76,58,70,58,58,97,45,81,85,Robotics / Automation
79,68,73,87,73,62,16,51,65,63,Cybersecurity
79,62,60,49,11,49,50,64,56,92,Robotics / Automation
62,100,58,53,53,78,13,83,67,69,Civil Engineering
79,70,67,100,50,38,34,74,87,33,Electronics & Communication
83,64,63,65,26,41,57,43,61,78,Cybersecurity
88,67,43,74,91,33,63,53,99,67,Software Development
51,100,55,72,23,60,90,52,87,74,Mechanical Engineering
78,67,65,82,16,11,98,96,64,50,Civil Engineering
97,83,92,56,33,25,32,29,47,53,Robotics / Automation
79,74,75,99,64,71,98,94,70,69,Robotics / Automation
71,65,78,42,27,50,88,18,59,33,Data Science / AI
71,69,56,94,20,32,45,100,22,41,Civil Engineering
59,69,74,99,57,74,42,78,76,79,Civil Engineering
74,86,80,77,17,10,78,11,23,90,Robotics / Automation
58,50,71,65,71,73,81,26,35,40,Cybersecurity
88,83,67,54,83,86,55,66,11,64,Cloud / DevOps
82,56,58,57,27,62,43,31,91,84,Electrical Engineering
72,89,69,67,28,24,31,16,36,97,Mechanical Engineering
52,80,58,77,39,71,53,39,65,74,Electrical Engineering
69,84,67,73,78,16,69,80,54,51,Civil Engineering
82,100,83,73,57,43,75,32,49,46,Mechanical Engineering
75,64,55,65,95,81,98,39,74,71,Cybersecurity
63,81,53,98,56,44,16,14,96,84,Mechanical Engineering
86,72,70,64,49,93,57,46,93,89,Electronics & Communication
79,88,59,47,28,35,19,24,27,54,Cybersecurity
85,76,53,61,67,46,78,88,72,40,Robotics / Automation
62,61,65,70,66,60,36,41,95,67,Cybersecurity
65,60,66,78,72,31,13,34,81,98,Electrical Engineering
70,89,77,46,97,31,19,70,55,31,Electronics & Communication
82,81,63,48,17,18,87,59,41,35,Robotics / Automation
75,71,53,48,52,91,34,14,59,59,Civil Engineering
73,68,63,73,79,74,28,44,89,59,Cybersecurity
58,65,77,68,39,49,11,14,99,43,Electronics & Communication
49,64,53,79,18,60,66,70,74,66,Electronics & Communication
79,47,81,54,18,64,54,32,45,62,Mechanical Engineering
98,71,51,54,95,56,43,43,64,36,Data Science / AI
80,66,68,100,78,56,98,18,70,57,Cloud / DevOps
64,72,91,79,100,80,23,11,92,71,Cloud / DevOps
50,79,52,100,92,86,25,28,78,88,Electronics & Communication
62,100,92,60,75,94,42,78,59,84,Civil Engineering
75,83,81,82,85,77,75,29,98,37,Cybersecurity
93,70,64,68,50,71,84,99,27,91,Civil Engineering
87,77,74,89,23,45,67,97,27,62,Civil Engineering
44,76,73,100,58,39,14,21,86,99,Electrical Engineering
52,95,71,83,100,42,32,44,26,56,Electronics & Communication
100,80,76,79,93,38,85,67,30,96,Data Science / AI
67,71,59,74,40,82,23,29,24,100,Robotics / Automation
40,78,68,68,13,60,30,82,36,52,Civil Engineering
78,50,98,73,76,75,16,83,81,57,Data Science / AI
72,57,70,99,28,25,15,24,11,53,Cloud / DevOps
90,84,78,68,32,10,12,18,98,96,Electronics & Communication
53,68,66,93,69,65,58,24,15,33,Electronics & Communication
79,96,87,66,90,86,95,81,96,91,Cloud / DevOps
48,92,90,50,25,11,80,20,47,54,Robotics / Automation
97,77,72,100,59,21,46,17,40,100,Mechanical Engineering
95,81,77,86,50,93,41,92,20,95,Civil Engineering
68,71,56,69,16,71,45,63,80,47,Electrical Engineering
69,62,72,69,50,49,62,85,50,42,Software Development
82,47,68,77,10,35,12,68,61,53,Software Development
70,69,46,81,57,45,52,85,58,86,Civil Engineering
84,79,85,78,19,52,12,98,15,85,Civil Engineering
82,74,80,46,65,95,59,64,44,41,Data Science / AI
61,95,40,72,11,92,60,57,48,41,Data Science / AI
92,70,63,77,100,38,46,10,67,99,Cybersecurity
69,72,59,94,22,61,88,85,44,90,Mechanical Engineering
96,69,49,65,76,88,11,57,81,54,Cloud / DevOps
72,79,54,61,63,80,35,47,80,48,Electronics & Communication
82,86,60,51,78,82,82,89,61,50,Cloud / DevOps
100,83,65,90,87,68,11,77,39,99,Cloud / DevOps
73,85,72,76,81,81,76,91,82,45,Cloud / DevOps
73,50,99,58,77,97,94,92,72,39,Cybersecurity
54,68,55,74,13,57,85,64,33,76,Robotics / Automation
85,86,82,69,19,82,68,58,12,60,Cybersecurity
75,78,43,85,12,21,26,65,99,75,Electronics & Communication
53,100,63,71,90,76,83,81,33,78,Mechanical Engineering
63,62,100,91,48,20,80,10,83,77,Cybersecurity
51,94,87,69,19,69,56,52,75,70,Data Science / AI
79,71,99,60,68,72,68,47,100,41,Electrical Engineering
77,65,48,100,72,47,59,87,33,39,Data Science / AI
57,75,43,67,79,96,92,80,28,65,Mechanical Engineering
81,59,78,70,87,85,61,27,65,64,Data Science / AI
92,92,61,76,30,28,87,71,52,95,Mechanical Engineering
77,81,70,78,67,16,100,43,56,64,Mechanical Engineering
71,73,89,86,23,80,54,97,47,77,Civil Engineering
85,82,67,80,72,15,50,65,74,46,Electrical Engineering
58,91,40,73,83,28,26,56,73,30,Software Development
92,51,75,62,16,18,90,61,38,73,Electrical Engineering
69,86,72,40,45,16,68,31,37,47,Mechanical Engineering
60,86,76,100,70,32,74,30,81,71,Robotics / Automation
100,66,100,75,10,17,21,72,76,96,Electrical Engineering
60,62,40,100,30,98,43,67,40,41,Cybersecurity
98,56,66,76,63,19,59,79,57,30,Robotics / Automation
60,45,66,69,18,17,54,81,92,37,Data Science / AI
69,75,91,69,24,83,57,10,88,52,Electronics & Communication
77,82,78,63,23,94,21,50,33,84,Data Science / AI
76,80,53,97,15,56,39,66,16,47,Cloud / DevOps
96,61,72,86,15,14,69,19,65,70,Software Development
66,79,72,48,10,71,42,99,93,41,Electronics & Communication
81,55,84,62,81,51,99,47,39,48,Cloud / DevOps
72,92,77,55,62,85,81,83,37,82,Robotics / Automation
59,63,75,81,26,86,42,45,70,44,Electrical Engineering
62,54,74,71,21,89,75,28,70,55,Mechanical Engineering
100,72,97,53,78,20,37,19,14,63,Cybersecurity
51,55,87,100,15,29,55,81,94,81,Cloud / DevOps
63,65,52,42,97,33,18,69,47,57,Civil Engineering
85,75,70,49,66,42,77,40,53,49,Robotics / Automation
99,64,78,48,77,17,61,44,79,85,Software Development
72,76,74,77,64,67,34,85,80,58,Electronics & Communication
82,55,72,77,48,79,74,34,80,68,Electrical Engineering
78,73,50,51,50,39,58,90,48,81,Civil Engineering
41,84,82,90,27,79,16,52,52,36,Robotics / Automation
79,40,54,78,66,45,100,16,60,76,Robotics / Automation
77,68,75,75,89,52,55,20,56,80,Data Science / AI
76,62,84,67,36,82,33,11,86,34,Electronics & Communication
55,60,64,92,51,23,15,73,90,69,Software Development
74,69,51,89,95,86,23,39,22,40,Software Development
65,70,92,84,69,74,59,22,86,32,Cybersecurity
50,45,69,53,52,47,100,66,97,79,Software Development
84,72,72,62,97,99,32,31,91,33,Cloud / DevOps
100,100,65,81,89,57,39,50,44,40,Data Science / AI
76,68,57,55,10,20,95,27,33,86,Civil Engineering
57,78,62,40,82,55,17,11,30,83,Software Development
81,71,90,81,20,50,24,53,37,53,Civil Engineering
52,40,59,63,93,97,97,85,43,86,Civil Engineering
89,71,87,51,14,66,46,15,73,42,Electronics & Communication
89,82,40,98,100,34,26,69,86,100,Software Development
76,77,57,97,55,100,85,96,56,33,Mechanical Engineering
57,84,82,57,95,18,16,11,60,66,Cloud / DevOps
100,75,79,47,48,11,36,98,84,45,Electrical Engineering
100,53,85,57,45,54,26,14,37,84,Software Development
65,83,85,52,74,88,99,46,18,39,Robotics / Automation
91,87,55,100,90,88,22,38,93,73,Data Science / AI
53,62,77,59,79,55,54,41,57,73,Cybersecurity
78,75,67,89,15,56,59,19,14,37,Electrical Engineering
71,75,87,89,72,82,83,11,92,32,Robotics / Automation
86,54,77,59,83,64,80,17,19,99,Cloud / DevOps
55,70,56,89,66,71,43,15,99,60,Robotics / Automation
87,43,57,48,74,44,98,97,26,57,Cloud / DevOps
68,78,66,64,82,46,49,84,99,77,Electrical Engineering
94,40,88,65,12,10,60,72,68,78,Cybersecurity
73,64,93,52,52,51,11,37,30,74,Software Development
75,79,45,58,19,73,37,58,50,62,Cybersecurity
72,58,57,68,60,33,46,23,68,98,Mechanical Engineering
84,66,86,57,33,84,17,90,33,49,Civil Engineering
56,100,60,51,38,38,49,52,22,38,Software Development
48,88,64,70,14,83,15,92,63,35,Civil Engineering
72,87,67,100,55,41,10,91,79,82,Electronics & Communication
77,87,82,74,41,11,29,24,21,79,Electrical Engineering
66,76,77,64,66,38,27,88,10,66,Civil Engineering
77,90,100,90,96,52,68,52,82,99,Cloud / DevOps
100,62,80,99,51,82,33,21,31,84,Mechanical Engineering
61,64,96,57,31,60,15,39,40,83,Cybersecurity
54,94,87,82,11,98,28,68,57,75,Electronics & Communication
74,65,74,100,33,19,42,69,69,33,Cybersecurity
78,100,56,74,10,66,24,21,54,50,Cloud / DevOps
69,55,67,82,80,10,33,34,65,51,Data Science / AI
82,100,76,95,92,87,94,31,18,75,Software Development
75,97,100,84,76,83,72,10,97,76,Software Development
60,63,74,83,65,23,24,74,65,57,Electronics & Communication
85,78,70,63,57,52,80,80,20,70,Robotics / Automation
81,99,85,84,98,70,31,100,98,42,Cloud / DevOps
90,66,62,61,81,76,15,100,16,73,Data Science / AI
73,65,88,66,71,78,99,87,37,38,Electronics & Communication
62,100,63,77,58,87,29,75,84,91,Civil Engineering
81,54,88,86,32,75,45,52,49,36,Data Science / AI
98,61,71,75,75,27,31,71,30,30,Software Development
78,50,71,49,32,80,37,88,47,98,Cybersecurity
80,40,42,89,90,39,27,94,29,37,Cybersecurity
66,57,89,80,21,45,45,72,45,57,Cybersecurity
88,69,100,64,77,24,18,63,56,55,Software Development
100,71,45,83,96,26,90,11,26,34,Data Science / AI
79,56,56,74,16,45,99,29,38,46,Cybersecurity
80,40,85,66,66,73,55,26,99,43,Electrical Engineering
55,86,69,96,57,34,15,26,74,41,Electrical Engineering
81,71,67,83,52,16,62,42,60,55,Software Development
68,59,79,72,97,17,54,86,39,86,Robotics / Automation
75,88,68,75,68,55,60,84,22,98,Civil Engineering
66,78,75,91,38,26,19,97,12,50,Civil Engineering
66,65,81,79,86,21,63,97,97,39,Electronics & Communication
61,91,44,89,48,58,87,15,30,97,Mechanical Engineering
56,100,46,95,25,13,43,41,79,65,Data Science / AI
73,66,72,86,89,59,60,30,29,40,Data Science / AI
61,59,79,44,25,63,72,11,74,37,Civil Engineering
66,100,55,95,61,81,57,63,60,88,Software Development
66,79,79,95,59,39,99,60,29,40,Robotics / Automation
71,100,61,79,56,56,17,48,84,66,Electronics & Communication
78,55,65,77,48,93,14,66,65,80,Cloud / DevOps
68,100,57,96,97,49,87,34,38,83,Robotics / Automation
87,71,57,61,11,48,92,87,58,51,Robotics / Automation
67,45,54,48,34,26,31,59,27,85,Data Science / AI
95,81,81,85,21,47,28,42,37,82,Cybersecurity
77,93,60,76,53,93,81,99,51,64,Mechanical Engineering
86,52,100,75,22,96,75,75,91,35,Electronics & Communication
77,90,83,75,86,97,89,22,89,82,Data Science / AI
76,49,61,84,91,40,49,20,94,78,Cybersecurity
81,90,68,50,38,35,81,53,40,47,Robotics / Automation
90,93,83,72,68,33,56,95,17,76,Civil Engineering
90,100,71,51,78,40,38,41,43,55,Software Development
66,81,45,78,98,40,19,20,100,76,Electronics & Communication
80,95,89,90,61,13,57,44,57,89,Electrical Engineering
42,85,80,79,98,82,96,44,73,72,Robotics / Automation
49,60,52,40,61,85,44,91,52,55,Civil Engineering
74,60,100,71,40,65,57,82,70,64,Electrical Engineering
94,48,62,76,59,86,74,58,18,85,Cloud / DevOps
61,65,66,70,45,26,20,32,53,66,Civil Engineering
100,77,77,84,12,78,99,11,83,72,Robotics / Automation
84,70,65,78,75,21,53,33,61,48,Civil Engineering
92,88,66,88,57,83,58,60,48,87,Cybersecurity
72,72,62,71,24,40,11,68,45,47,Cloud / DevOps
95,73,72,48,57,85,25,44,33,79,Data Science / AI
70,68,57,75,46,16,95,43,93,99,Electrical Engineering
68,73,71,57,41,30,63,24,48,70,Mechanical Engineering
69,73,87,79,37,17,67,82,62,58,Civil Engineering
65,77,95,91,94,68,38,23,97,32,Software Development
83,82,91,94,78,92,97,25,73,97,Cybersecurity
83,88,53,47,31,28,25,20,57,100,Robotics / Automation
77,73,61,89,21,81,45,50,30,56,Civil Engineering
47,63,62,45,94,45,32,65,74,88,Mechanical Engineering
97,51,61,91,44,97,93,96,73,36,Electrical Engineering
84,55,80,80,73,34,92,30,92,33,Electronics & Communication
100,78,67,59,53,28,38,66,69,87,Cybersecurity
63,59,90,75,83,65,61,97,51,82,Cloud / DevOps
83,94,40,98,34,69,10,24,45,37,Software Development
75,78,57,61,90,99,55,29,66,98,Software Development
82,100,85,97,13,57,51,93,76,35,Electrical Engineering
72,62,58,66,13,29,71,97,32,46,Data Science / AI
44,61,61,71,49,33,50,69,94,54,Data Science / AI
76,77,69,64,64,13,87,48,39,45,Mechanical Engineering
45,63,55,83,60,77,90,98,21,93,Cybersecurity
88,86,81,72,14,35,25,35,58,74,Civil Engineering
67,60,47,92,100,29,76,60,32,33,Cybersecurity
72,53,57,59,83,90,72,41,54,46,Cybersecurity
75,88,64,40,88,55,94,97,37,60,Data Science / AI
72,69,66,63,31,29,91,98,66,59,Civil Engineering
78,72,69,82,99,88,34,76,87,52,Software Development
68,64,90,85,46,56,70,98,98,58,Electronics & Communication
87,90,77,91,38,26,39,64,64,41,Electronics & Communication
51,75,67,100,54,14,70,60,21,36,Electronics & Communication
88,62,75,78,68,15,75,33,59,93,Data Science / AI
81,56,75,70,74,30,35,58,14,42,Software Development
79,61,61,96,72,25,29,60,22,75,Electronics & Communication
59,57,69,61,38,81,96,81,90,53,Data Science / AI
61,73,47,56,73,95,90,65,100,63,Robotics / Automation
100,78,58,82,61,71,35,51,66,63,Cybersecurity
83,86,68,92,28,36,37,98,29,48,Civil Engineering
44,56,72,80,30,75,12,91,23,67,Mechanical Engineering
61,75,60,70,29,54,81,95,82,49,Mechanical Engineering
90,85,55,55,32,55,61,17,58,53,Civil Engineering
68,71,60,93,37,57,93,16,59,61,Robotics / Automation
80,78,51,96,41,18,92,24,78,37,Robotics / Automation
40,84,84,67,60,97,72,45,23,60,Mechanical Engineering
94,71,70,81,72,95,50,39,81,69,Electrical Engineering
100,92,80,58,93,81,51,29,11,39,Data Science / AI
77,59,82,77,59,32,61,94,17,95,Mechanical Engineering
58,73,57,77,94,61,39,83,70,76,Civil Engineering
62,72,81,74,59,18,50,45,70,35,Civil Engineering
69,75,80,55,50,42,82,19,32,38,Robotics / Automation
78,91,78,76,21,64,44,19,19,73,Civil Engineering
84,78,81,40,64,44,12,82,95,41,Electronics & Communication
51,87,47,82,85,37,85,51,67,100,Robotics / Automation
69,57,75,78,55,33,17,71,10,47,Software Development
100,62,91,81,42,31,65,30,95,31,Electrical Engineering
65,83,78,75,89,93,73,22,27,41,Mechanical Engineering
78,63,57,88,49,19,35,83,41,85,Electrical Engineering
71,70,74,79,69,78,82,92,68,81,Civil Engineering
53,91,71,71,14,82,76,70,37,39,Mechanical Engineering
81,75,81,84,64,72,71,39,20,53,Mechanical Engineering
85,92,83,72,66,93,59,96,13,88,Civil Engineering
58,97,66,66,53,99,83,77,78,90,Robotics / Automation
48,77,72,47,55,40,91,36,90,69,Mechanical Engineering
81,64,100,64,24,87,21,90,58,72,Mechanical Engineering
68,58,89,68,34,13,75,96,84,72,Electrical Engineering
64,82,49,86,39,25,28,15,30,45,Data Science / AI
100,80,79,90,55,13,54,72,58,64,Civil Engineering
100,90,76,91,46,82,91,68,46,91,Mechanical Engineering
61,83,54,68,16,10,27,63,81,89,Electrical Engineering
40,78,60,95,49,49,79,95,65,93,Robotics / Automation
80,88,53,93,48,83,67,85,67,69,Civil Engineering
100,83,81,78,21,63,35,59,54,84,Software Development
67,83,47,67,42,52,14,12,62,61,Civil Engineering
48,61,79,84,50,99,38,70,35,34,Electrical Engineering
75,74,41,68,44,82,64,88,33,89,Civil Engineering
64,62,78,59,66,20,24,91,82,75,Cybersecurity
65,40,65,55,82,99,58,38,51,56,Software Development
76,57,71,72,98,57,85,69,11,52,Cybersecurity
100,79,42,52,54,24,30,77,30,89,Civil Engineering
75,58,40,99,62,96,36,64,48,60,Data Science / AI
85,79,60,82,50,88,47,77,89,72,Electronics & Communication
64,75,56,100,54,46,62,94,65,61,Civil Engineering
51,90,70,66,48,52,43,47,38,69,Mechanical Engineering
77,83,90,80,19,49,88,25,60,61,Mechanical Engineering
61,72,97,99,100,43,45,84,67,66,Civil Engineering
88,83,80,95,38,83,44,62,43,32,Electronics & Communication
68,51,71,60,96,94,99,81,31,48,Cloud / DevOps
59,61,100,77,16,85,52,74,63,46,Robotics / Automation
80,53,42,60,37,83,95,78,92,96,Electronics & Communication
96,77,78,88,22,41,30,23,11,87,Cybersecurity
66,92,60,100,17,98,32,24,71,35,Electronics & Communication
81,45,58,42,51,48,76,54,34,66,Electrical Engineering
92,71,40,81,57,53,70,84,26,46,Civil Engineering
66,49,95,76,14,41,11,15,48,65,Electrical Engineering
70,66,47,51,48,58,18,28,88,58,Electrical Engineering
94,64,70,40,13,28,55,23,27,44,Cloud / DevOps
55,81,75,100,69,52,60,55,77,80,Cloud / DevOps
95,68,77,69,52,84,53,90,96,90,Electrical Engineering
100,89,72,78,81,65,20,83,88,57,Software Development
96,80,93,40,43,100,56,80,48,54,Civil Engineering
81,64,96,100,43,99,51,60,59,58,Data Science / AI
75,95,96,76,19,38,79,80,57,36,Mechanical Engineering
100,71,66,90,47,33,34,62,30,47,Software Development
69,73,91,75,41,34,49,68,47,53,Mechanical Engineering
49,77,59,90,62,36,93,23,12,68,Mechanical Engineering
85,94,83,94,94,67,84,63,74,80,Software Development
64,84,99,62,14,80,93,50,100,48,Robotics / Automation
100,63,57,80,58,84,16,29,93,41,Electronics & Communication
85,85,55,82,66,46,18,69,43,54,Software Development
64,49,56,61,48,36,50,17,29,59,Electronics & Communication
82,89,47,81,56,16,30,30,81,65,Electronics & Communication
57,81,60,56,60,53,33,67,53,50,Cloud / DevOps
86,63,65,40,35,27,76,29,89,59,Electrical Engineering
89,84,70,47,27,12,27,52,61,43,Cloud / DevOps
93,62,63,100,36,11,39,12,38,55,Mechanical Engineering
64,83,78,82,62,69,66,18,98,45,Electrical Engineering
79,77,74,74,68,56,11,66,64,48,Robotics / Automation
97,52,85,89,88,88,54,50,41,37,Data Science / AI
85,88,68,41,45,92,57,36,17,40,Cybersecurity
73,57,59,52,39,84,81,43,72,51,Electrical Engineering
67,63,40,87,13,37,44,26,15,46,Electronics & Communication
100,81,66,74,47,68,18,84,12,41,Civil Engineering
68,73,69,59,68,30,30,94,26,67,Civil Engineering
100,49,80,73,16,57,17,66,62,63,Electronics & Communication
100,77,64,70,69,23,70,92,91,93,Electronics & Communication
75,54,58,42,43,62,23,89,86,53,Electronics & Communication
61,73,74,40,16,59,56,91,79,59,Civil Engineering
72,80,67,63,78,66,29,96,70,48,Cybersecurity
68,63,60,78,74,18,33,29,50,35,Civil Engineering
100,60,65,74,59,60,78,46,42,94,Cybersecurity
64,88,40,65,41,72,41,90,34,87,Civil Engineering
87,67,57,82,83,19,33,22,26,40,Software Development
88,75,57,83,16,25,77,68,75,35,Mechanical Engineering
68,83,92,40,99,54,98,80,63,36,Mechanical Engineering
76,45,100,66,68,16,72,47,98,34,Electrical Engineering
86,71,57,58,86,29,55,23,85,62,Cybersecurity
98,86,99,75,32,86,50,24,73,43,Electrical Engineering
79,67,65,56,32,28,73,59,42,61,Cloud / DevOps
76,60,76,78,81,68,33,30,12,76,Cybersecurity
79,97,69,88,29,28,24,58,32,78,Civil Engineering
100,91,87,69,97,43,85,92,58,54,Data Science / AI
78,52,77,79,10,98,79,35,35,67,Mechanical Engineering
75,87,51,100,48,66,12,49,74,96,Electronics & Communication
88,70,67,83,75,86,84,52,11,64,Robotics / Automation
97,73,72,75,12,31,11,57,88,78,Electronics & Communication
100,66,69,100,19,88,50,34,97,87,Electronics & Communication
77,89,56,71,42,89,99,33,60,84,Mechanical Engineering
97,61,67,79,30,86,50,63,39,64,Cybersecurity
60,65,71,75,67,73,70,50,31,50,Civil Engineering
94,95,57,77,82,29,12,63,20,81,Cybersecurity
85,94,80,80,79,20,28,87,27,33,Cybersecurity
84,82,56,78,83,30,29,85,46,44,Software Development
96,68,71,70,51,62,37,15,29,70,Civil Engineering
40,72,74,65,95,99,84,61,39,85,Mechanical Engineering
57,58,81,100,69,95,29,92,62,52,Mechanical Engineering
95,51,82,63,95,33,15,65,58,39,Cybersecurity
66,65,80,92,94,43,89,75,13,100,Civil Engineering
73,70,76,85,22,34,36,23,38,98,Software Development
92,52,70,55,15,44,83,78,38,50,Data Science / AI
74,68,69,60,92,20,32,29,22,52,Software Development
52,40,68,67,57,47,75,94,24,77,Electronics & Communication
64,91,57,100,29,65,79,63,78,93,Robotics / Automation
99,42,71,67,48,11,23,84,24,97,Civil Engineering
40,50,81,100,43,81,78,17,59,69,Mechanical Engineering
88,76,69,100,27,96,10,15,59,52,Electronics & Communication
100,63,40,40,73,66,91,77,71,61,Electronics & Communication
94,71,72,42,76,51,59,91,61,66,Cloud / DevOps
63,67,73,67,49,25,86,65,26,57,Mechanical Engineering
59,60,88,79,94,33,24,88,28,85,Cybersecurity
84,58,40,65,32,19,34,33,12,69,Data Science / AI
62,77,100,87,15,46,30,88,42,98,Civil Engineering
100,80,60,81,37,24,46,72,75,44,Electrical Engineering
100,99,61,79,70,88,67,29,62,65,Electronics & Communication
53,84,93,75,22,93,30,75,99,55,Civil Engineering
64,77,76,76,24,80,12,17,38,85,Electrical Engineering
77,69,84,88,62,12,98,31,100,30,Electrical Engineering
60,56,66,88,10,54,35,30,79,73,Cloud / DevOps
77,62,73,69,79,60,34,22,10,71,Software Development
88,76,65,79,51,32,44,41,77,60,Electrical Engineering
94,63,76,73,55,80,98,30,63,51,Software Development
81,62,71,94,17,67,60,78,99,85,Electrical Engineering
60,52,50,53,68,65,41,39,32,56,Electronics & Communication
83,50,65,86,88,59,96,36,37,91,Cloud / DevOps
81,66,72,76,20,74,53,91,24,99,Civil Engineering
71,68,100,89,61,32,60,68,23,61,Electrical Engineering
100,64,68,51,80,49,23,10,19,54,Data Science / AI
62,100,62,100,94,74,30,35,38,49,Data Science / AI
56,56,64,73,96,79,75,38,54,53,Robotics / Automation
88,78,63,72,86,18,77,71,51,32,Cloud / DevOps
70,58,56,93,71,73,59,22,93,35,Electronics & Communication
47,96,64,61,90,57,84,31,10,98,Mechanical Engineering
86,94,86,84,93,44,41,19,89,46,Cloud / DevOps
91,46,62,58,87,66,62,24,68,94,Software Development
93,66,82,84,55,85,63,84,78,61,Electronics & Communication
62,63,89,61,54,94,73,32,96,32,Cybersecurity
76,60,65,74,99,60,58,57,99,81,Cloud / DevOps
63,57,74,59,31,88,55,83,22,47,Civil Engineering
62,57,68,91,67,36,49,88,74,50,Civil Engineering
97,61,100,56,51,38,87,44,95,85,Electrical Engineering
91,61,56,61,66,48,27,84,87,32,Electronics & Communication
74,80,80,58,44,90,70,28,89,82,Electronics & Communication
60,58,68,71,85,48,18,66,83,80,Robotics / Automation
60,76,100,65,12,81,10,80,86,88,Civil Engineering
68,80,61,87,49,97,97,73,42,75,Robotics / Automation
64,99,75,63,61,45,19,75,34,94,Civil Engineering
66,64,90,52,48,24,62,69,41,66,Robotics / Automation
64,63,69,70,76,90,53,36,61,98,Electronics & Communication
52,66,68,63,23,58,47,84,78,33,Civil Engineering
85,85,68,79,43,47,50,11,87,51,Electronics & Communication
42,65,85,67,11,51,31,25,14,50,Electrical Engineering
63,100,97,83,27,68,15,60,61,67,Electronics & Communication
92,40,58,66,87,17,12,79,32,64,Cybersecurity
71,64,40,81,55,76,23,38,10,99,Electronics & Communication
83,96,58,59,34,95,15,52,71,69,Electrical Engineering
40,67,83,63,89,86,70,43,23,100,Civil Engineering
100,68,72,50,63,40,11,29,67,77,Software Development
79,42,80,88,16,10,37,15,96,74,Electronics & Communication
95,56,72,85,96,61,23,85,86,75,Data Science / AI
81,59,40,81,12,55,59,47,22,63,Cloud / DevOps
72,63,81,74,66,79,95,47,65,87,Software Development
55,43,53,100,74,71,12,93,25,97,Robotics / Automation
85,74,67,70,30,63,92,14,13,44,Mechanical Engineering
92,64,78,68,64,57,98,25,16,59,Mechanical Engineering
100,83,88,64,47,48,42,26,86,35,Electronics & Communication
90,67,71,100,71,45,95,53,64,81,Civil Engineering
59,75,76,84,31,48,14,58,28,46,Data Science / AI
68,100,50,100,51,54,88,86,65,91,Mechanical Engineering
93,100,46,59,50,64,32,33,33,45,Software Development
97,43,45,66,52,40,37,91,92,67,Electronics & Communication
77,95,67,64,13,43,73,49,71,79,Robotics / Automation
79,79,76,71,79,46,97,51,57,58,Cloud / DevOps
45,58,91,78,51,31,22,39,78,58,Civil Engineering
70,88,53,70,10,72,20,27,46,72,Civil Engineering
77,65,71,71,37,23,31,99,86,37,Electrical Engineering
54,74,50,77,41,60,26,94,33,41,Civil Engineering
95,67,52,72,18,70,40,91,28,89,Civil Engineering
62,80,67,100,73,30,64,44,78,99,Cloud / DevOps
92,69,80,67,89,54,81,51,96,71,Cybersecurity
75,66,81,100,31,33,84,95,49,51,Civil Engineering
86,85,83,84,97,54,27,50,22,81,Software Development
57,97,97,70,74,51,72,57,88,40,Robotics / Automation
69,81,78,71,18,17,53,16,77,36,Electronics & Communication
56,76,78,88,49,86,21,43,67,88,Mechanical Engineering
80,67,84,76,44,70,39,56,91,57,Electronics & Communication
68,69,43,71,28,48,66,77,47,44,Civil Engineering
85,77,92,70,69,25,55,84,48,88,Civil Engineering
82,83,100,77,35,43,47,87,36,34,Civil Engineering
59,84,97,69,52,39,72,75,78,33,Mechanical Engineering
87,90,85,77,34,25,77,37,63,40,Mechanical Engineering
64,70,76,91,98,35,40,92,76,53,Civil Engineering
80,66,78,90,64,14,75,70,74,98,Electrical Engineering
80,59,67,92,81,18,55,32,71,99,Cloud / DevOps
54,40,92,84,35,11,46,81,65,53,Civil Engineering
84,55,81,79,97,18,50,33,25,86,Cybersecurity
51,93,72,67,62,51,94,37,51,58,Robotics / Automation
69,41,78,79,75,16,22,75,82,43,Electronics & Communication
72,91,49,64,64,97,71,34,47,65,Robotics / Automation
62,67,71,82,73,21,71,66,58,50,Electrical Engineering
69,58,95,100,85,18,49,38,36,80,Cybersecurity
77,60,92,48,85,87,83,42,58,85,Cybersecurity
69,61,52,69,53,16,88,85,83,33,Electrical Engineering
62,72,70,63,24,16,78,86,80,73,Robotics / Automation
69,68,82,72,39,83,12,78,39,73,Civil Engineering
87,80,78,99,30,22,100,20,79,82,Robotics / Automation
58,64,96,70,46,31,93,47,59,65,Electronics & Communication
40,68,72,40,76,48,89,95,88,88,Civil Engineering
95,61,74,70,84,57,66,31,81,77,Cloud / DevOps
55,55,55,94,52,91,100,83,54,96,Cybersecurity
72,64,55,96,76,24,85,16,32,48,Software Development
96,89,77,80,66,84,69,78,87,39,Electrical Engineering
56,68,59,42,48,77,79,34,91,87,Data Science / AI
90,61,87,90,69,11,52,84,77,68,Electronics & Communication
83,81,60,100,52,22,44,36,64,93,Cybersecurity
75,76,60,58,76,60,76,23,20,53,Data Science / AI
82,75,58,49,91,13,36,77,74,73,Cloud / DevOps
55,89,60,68,78,24,20,83,41,92,Civil Engineering
96,55,59,61,78,20,45,53,83,31,Software Development
99,100,81,89,89,94,83,90,31,43,Cloud / DevOps
66,100,74,90,69,83,16,57,50,48,Electronics & Communication
73,67,94,84,64,64,84,36,38,77,Data Science / AI
96,75,57,64,90,94,50,74,78,32,Cloud / DevOps
76,62,53,96,11,95,50,34,26,80,Software Development
66,74,74,64,25,25,83,40,84,40,Mechanical Engineering
96,55,73,79,41,78,26,83,70,69,Cybersecurity
74,52,83,88,92,50,54,25,41,84,Software Development
64,82,75,51,83,17,98,77,51,98,Mechanical Engineering
62,89,74,64,74,25,15,46,51,37,Cybersecurity
62,64,63,59,48,37,69,36,61,38,Civil Engineering
48,89,84,52,99,77,73,36,58,81,Mechanical Engineering
77,58,66,68,66,20,37,98,54,95,Electrical Engineering
68,100,63,60,82,41,36,55,40,37,Software Development
63,87,45,61,90,52,79,51,65,41,Robotics / Automation
96,75,72,100,91,47,67,95,41,41,Cybersecurity
78,61,65,54,59,58,40,84,72,53,Electronics & Communication
93,80,86,96,54,24,22,58,47,61,Electrical Engineering
68,57,69,59,96,88,15,94,27,95,Cloud / DevOps
77,88,67,77,70,72,33,68,13,50,Electronics & Communication
73,84,59,40,86,63,93,58,62,30,Cybersecurity
82,86,76,63,41,47,32,76,20,78,Civil Engineering
57,79,72,72,42,42,18,100,97,82,Civil Engineering
100,57,96,75,19,14,23,89,99,89,Electronics & Communication
47,69,84,68,91,36,52,78,91,68,Civil Engineering
52,69,57,83,62,43,15,57,25,34,Cloud / DevOps
86,56,59,88,95,81,79,10,27,92,Data Science / AI
62,55,52,81,11,43,28,72,63,56,Electrical Engineering
79,61,70,100,27,75,23,43,91,63,Electronics & Communication
60,42,76,73,68,24,77,84,39,70,Cloud / DevOps
64,81,82,40,12,83,62,83,15,83,Civil Engineering
65,100,78,87,73,61,43,98,94,30,Civil Engineering
92,72,81,87,82,32,32,74,78,65,Cloud / DevOps
83,67,72,64,44,50,54,24,100,60,Electronics & Communication
75,54,58,69,78,68,27,72,25,88,Cybersecurity
60,64,67,82,35,12,92,64,80,45,Data Science / AI
89,65,90,91,59,44,14,35,49,56,Electronics & Communication
82,74,74,96,76,18,74,73,36,100,Cloud / DevOps
93,92,70,84,66,93,55,75,38,59,Civil Engineering
95,62,65,75,37,61,46,70,67,31,Mechanical Engineering
88,85,66,47,22,39,11,87,11,44,Civil Engineering
78,58,47,52,54,34,75,91,63,32,Cybersecurity
79,92,70,78,79,26,60,27,54,63,Data Science / AI
92,48,77,74,15,43,18,93,31,59,Data Science / AI
83,64,57,77,88,14,93,55,67,89,Data Science / AI
99,84,62,50,10,44,45,18,12,37,Robotics / Automation
49,91,55,69,98,85,100,44,22,57,Mechanical Engineering
94,47,92,70,44,57,40,80,92,39,Electrical Engineering
57,68,59,82,89,71,88,49,22,48,Cybersecurity
65,43,66,50,45,79,69,13,85,90,Cybersecurity
78,54,62,78,59,42,83,62,36,53,Cybersecurity
71,75,80,54,57,20,73,48,28,53,Robotics / Automation
74,40,73,69,11,43,98,92,96,57,Electrical Engineering
60,76,87,66,63,22,23,78,89,36,Civil Engineering
60,74,49,63,14,34,49,58,77,85,Data Science / AI
93,72,41,42,98,58,37,16,70,31,Data Science / AI
77,84,45,83,79,61,67,98,93,51,Software Development
94,100,74,84,29,14,14,86,52,60,Civil Engineering
43,100,61,58,60,63,27,18,83,76,Cloud / DevOps
71,94,100,77,62,79,84,13,11,73,Robotics / Automation
89,72,54,100,70,87,50,13,17,42,Robotics / Automation
65,95,89,86,41,27,52,82,11,33,Civil Engineering
100,100,67,60,69,37,88,69,21,54,Mechanical Engineering
47,100,63,95,93,67,31,30,21,43,Cloud / DevOps
63,95,59,53,79,58,82,15,75,90,Mechanical Engineering
71,64,78,74,93,59,73,28,33,45,Software Development
84,67,60,64,42,50,100,45,62,44,Robotics / Automation
100,75,40,65,24,82,31,80,18,90,Civil Engineering
76,99,85,58,10,68,42,49,41,82,Software Development
100,71,88,54,28,38,48,47,26,53,Civil Engineering
40,50,40,100,28,21,92,60,11,48,Civil Engineering
78,58,76,78,33,37,85,44,20,48,Software Development
84,90,65,59,84,44,49,67,70,53,Cloud / DevOps
87,84,71,100,88,12,36,96,33,83,Cybersecurity
68,58,76,62,50,22,38,26,70,82,Data Science / AI
82,59,63,100,93,69,87,48,81,33,Data Science / AI
68,60,87,56,44,54,98,55,84,99,Electronics & Communication
64,80,84,96,24,58,14,26,23,43,Data Science / AI
63,80,63,64,50,78,84,21,31,85,Robotics / Automation
93,63,74,77,99,46,87,78,62,62,Cloud / DevOps
58,86,78,40,81,64,75,96,63,46,Mechanical Engineering
79,60,86,48,69,58,17,11,74,97,Electronics & Communication
69,77,70,88,49,68,43,13,75,59,Electronics & Communication
52,96,77,99,94,81,21,82,24,34,Civil Engineering
88,71,50,64,72,47,89,82,26,40,Robotics / Automation
98,92,60,40,48,15,16,61,83,97,Electrical Engineering
71,67,66,84,60,87,90,26,35,71,Cloud / DevOps
88,86,76,42,45,79,44,75,65,64,Civil Engineering
69,100,75,81,67,15,74,30,25,58,Robotics / Automation
80,78,40,70,50,45,65,33,28,31,Cybersecurity
74,91,70,45,18,31,35,72,97,48,Electrical Engineering
81,59,51,59,55,52,10,36,37,30,Software Development
83,90,77,86,12,12,80,76,58,61,Robotics / Automation
82,73,80,40,61,68,40,85,24,30,Civil Engineering
76,56,87,72,10,76,76,83,82,41,Electrical Engineering
75,49,85,86,42,25,61,10,12,41,Electrical Engineering
83,59,58,79,82,90,29,40,27,93,Data Science / AI
64,78,40,66,68,84,96,78,83,88,Mechanical Engineering
100,78,72,100,59,11,79,53,48,99,Mechanical Engineering
40,59,63,90,80,64,71,43,59,61,Software Development
88,59,84,67,16,12,86,85,75,65,Electrical Engineering
93,56,68,66,41,65,25,22,41,87,Data Science / AI
90,64,69,84,22,76,20,50,21,77,Mechanical Engineering
83,85,73,67,52,74,28,83,49,49,Civil Engineering
69,72,73,72,12,34,91,43,95,31,Mechanical Engineering
75,49,80,78,56,36,51,40,45,82,Electrical Engineering
90,72,43,68,13,67,51,58,83,62,Electronics & Communication
72,83,40,75,84,100,44,61,65,86,Data Science / AI
82,62,71,63,16,22,17,80,27,64,Software Development
64,65,59,87,27,100,79,21,98,94,Cybersecurity
63,58,96,92,27,93,38,75,67,66,Software Development
47,60,73,80,29,60,28,14,77,74,Electronics & Communication
52,89,82,83,18,73,43,98,51,47,Civil Engineering
95,78,76,100,69,39,55,91,34,82,Civil Engineering
91,59,79,63,49,30,38,54,68,32,Software Development
82,79,49,72,47,21,30,89,22,47,Civil Engineering
78,65,74,89,80,99,52,23,80,44,Cloud / DevOps
74,75,90,83,18,90,32,90,51,74,Civil Engineering
78,57,80,80,82,12,46,95,60,44,Software Development
94,72,42,44,17,69,87,32,38,37,Robotics / Automation
86,63,76,77,64,62,13,16,20,46,Electronics & Communication
72,70,57,74,41,76,28,68,21,33,Data Science / AI
66,66,65,70,32,35,26,82,90,84,Electrical Engineering
88,70,85,100,54,21,26,13,93,63,Electronics & Communication
87,80,74,90,11,73,64,65,51,58,Mechanical Engineering
76,86,79,68,49,58,15,49,93,52,Electrical Engineering
88,73,68,66,66,63,38,91,48,79,Civil Engineering
77,86,83,81,13,23,89,21,52,60,Mechanical Engineering
83,91,67,54,56,73,90,36,49,92,Mechanical Engineering
94,64,59,42,43,40,54,81,63,40,Robotics / Automation
83,47,58,85,62,78,31,30,50,42,Cybersecurity
85,62,67,59,68,95,33,60,67,30,Electronics & Communication
66,75,62,70,60,63,100,59,54,81,Mechanical Engineering
53,88,77,89,26,45,19,89,66,82,Civil Engineering
94,59,64,40,79,66,75,44,89,67,Cloud / DevOps
100,69,85,52,69,20,94,30,84,37,Electrical Engineering
89,99,69,56,56,11,14,62,23,95,Mechanical Engineering
72,40,69,89,74,82,71,48,28,46,Cloud / DevOps
74,67,77,85,50,44,36,49,16,69,Electrical Engineering
50,73,100,50,58,80,29,24,29,41,Civil Engineering
73,100,86,65,91,65,42,87,55,50,Cybersecurity
78,71,58,73,42,83,32,12,61,65,Mechanical Engineering
70,73,58,52,92,21,25,22,95,93,Electrical Engineering
74,97,71,69,79,80,20,77,28,89,Data Science / AI
86,69,98,74,10,95,64,39,49,58,Civil Engineering
85,60,77,79,96,85,46,74,74,52,Software Development
74,64,60,80,77,76,45,85,63,98,Software Development
84,70,74,74,61,61,43,12,54,42,Data Science / AI
76,68,70,100,15,33,21,30,57,69,Cloud / DevOps
79,81,76,70,94,45,20,33,41,33,Software Development
94,67,85,68,100,61,16,49,88,97,Cloud / DevOps
60,77,53,84,10,40,73,28,22,94,Robotics / Automation
57,67,48,100,16,17,35,30,17,55,Data Science / AI
50,72,87,93,86,67,80,85,89,36,Mechanical Engineering
87,67,90,91,21,45,14,11,36,68,Robotics / Automation
78,75,65,58,24,40,23,98,73,42,Electronics & Communication
93,91,56,72,93,81,63,15,23,79,Data Science / AI
72,71,70,92,55,97,88,16,74,63,Mechanical Engineering
63,59,88,66,84,92,46,91,69,97,Civil Engineering
56,64,65,100,56,11,90,25,19,56,Robotics / Automation
88,89,82,92,53,38,53,77,31,45,Civil Engineering
64,69,55,71,12,70,31,81,77,86,Civil Engineering
85,74,89,54,76,10,70,27,69,37,Data Science / AI
82,53,71,88,69,24,63,23,64,33,Electronics & Communication
71,80,55,45,98,75,24,88,70,49,Data Science / AI
83,98,55,96,35,96,86,85,91,79,Robotics / Automation
75,51,53,75,71,72,25,78,35,92,Civil Engineering
68,52,44,59,39,15,67,63,81,43,Electrical Engineering
77,71,62,78,33,46,80,11,96,100,Robotics / Automation
90,77,68,91,55,69,74,14,11,51,Robotics / Automation
60,68,66,52,95,47,34,27,37,80,Cybersecurity
68,40,98,58,30,25,60,84,14,79,Electrical Engineering
98,72,78,66,80,55,68,43,60,90,Software Development
78,81,79,88,59,66,97,97,55,38,Robotics / Automation
69,64,46,84,89,98,25,41,83,76,Electrical Engineering
91,96,74,61,21,51,17,24,62,68,Cybersecurity
49,87,43,68,59,19,10,71,11,57,Civil Engineering
71,70,70,77,35,56,15,93,76,63,Electrical Engineering
40,72,40,88,46,37,99,98,24,98,Mechanical Engineering
66,40,57,64,83,27,46,79,47,94,Data Science / AI
92,74,75,96,38,13,11,48,23,84,Data Science / AI
73,83,80,51,11,50,39,15,28,42,Civil Engineering
97,50,83,47,19,58,70,56,80,79,Electronics & Communication
84,99,66,70,61,41,39,95,88,72,Electrical Engineering
84,67,97,78,49,80,21,21,10,71,Software Development
70,63,56,63,25,45,73,63,43,49,Robotics / Automation
69,64,60,100,74,84,64,25,50,90,Cloud / DevOps
59,74,78,86,80,53,51,24,27,99,Data Science / AI
74,68,76,79,67,73,52,22,27,59,Civil Engineering
71,48,62,54,82,73,74,22,53,76,Cybersecurity
64,72,75,100,29,58,91,15,95,89,Mechanical Engineering
66,83,74,98,39,59,12,29,47,67,Electrical Engineering
83,56,44,80,57,45,64,69,69,48,Software Development
67,57,50,77,55,18,66,23,13,88,Cloud / DevOps
97,65,78,73,17,74,69,25,56,79,Mechanical Engineering
55,83,53,75,93,71,78,92,39,91,Mechanical Engineering
69,85,54,82,37,22,72,50,49,59,Mechanical Engineering
62,64,40,100,33,66,47,19,48,94,Civil Engineering
83,60,53,66,100,68,95,33,59,36,Data Science / AI
85,43,67,100,82,32,52,43,60,97,Cloud / DevOps
57,73,100,86,28,67,33,81,76,68,Civil Engineering
76,79,63,98,15,67,63,64,42,47,Software Development
69,42,64,57,67,93,58,97,36,48,Robotics / Automation
70,68,87,87,18,100,36,53,36,100,Electrical Engineering
78,71,54,40,70,63,98,27,55,46,Mechanical Engineering
76,83,68,65,77,65,74,70,87,36,Cloud / DevOps
81,70,95,97,95,98,13,43,76,96,Cloud / DevOps
89,83,50,86,85,96,39,32,17,72,Cybersecurity
80,81,77,83,40,43,10,54,13,97,Cybersecurity
100,70,84,66,70,35,83,63,20,71,Robotics / Automation
86,86,75,100,64,42,11,50,34,71,Electrical Engineering
61,64,73,90,67,17,70,74,86,89,Robotics / Automation
77,91,60,54,100,53,54,42,30,85,Software Development
79,70,78,74,85,100,13,40,77,63,Data Science / AI
69,70,70,69,33,71,36,61,26,88,Cloud / DevOps
71,65,82,78,33,17,100,32,32,48,Robotics / Automation
100,74,61,100,23,23,19,69,57,92,Electrical Engineering
81,86,78,86,87,25,72,23,64,51,Software Development
83,55,75,51,47,30,88,79,57,44,Mechanical Engineering
72,61,75,81,44,80,61,83,80,59,Electrical Engineering
82,76,60,70,57,32,23,64,84,31,Electrical Engineering
88,88,52,47,84,32,33,13,33,82,Software Development
64,87,88,58,22,44,33,96,60,64,Civil Engineering
79,99,76,100,73,19,17,64,79,33,Electrical Engineering
89,58,67,75,67,69,12,37,20,81,Cloud / DevOps
76,85,76,40,67,15,53,97,11,34,Civil Engineering
55,40,72,79,47,84,35,36,33,82,Robotics / Automation
79,57,80,87,33,42,45,58,83,58,Electrical Engineering
56,50,69,100,66,30,82,45,66,85,Cloud / DevOps
100,80,59,90,81,10,79,38,82,34,Cloud / DevOps
68,60,40,76,51,43,17,30,54,100,Civil Engineering
65,73,40,78,23,99,87,38,87,58,Mechanical Engineering
40,88,77,69,69,99,30,73,33,99,Civil Engineering
83,57,71,89,21,30,83,25,59,58,Civil Engineering
40,65,69,71,93,16,48,82,64,37,Cybersecurity
96,55,60,40,65,63,67,60,92,72,Electrical Engineering
97,68,63,74,68,31,80,92,48,75,Civil Engineering
84,77,100,83,36,85,72,43,89,77,Mechanical Engineering
68,63,64,47,67,10,74,79,65,68,Software Development
75,83,60,60,63,73,56,62,12,51,Software Development
97,50,40,54,79,11,95,23,82,51,Software Development
51,77,64,71,31,33,19,57,48,60,Software Development
92,61,81,100,45,43,79,83,14,58,Cybersecurity
68,83,66,91,30,54,34,41,36,52,Software Development
51,47,64,58,31,41,55,18,15,49,Civil Engineering
67,68,80,67,93,52,54,17,24,58,Civil Engineering
62,66,58,58,46,52,97,14,38,81,Electronics & Communication
50,73,61,92,80,81,46,98,36,54,Civil Engineering
53,63,97,58,41,34,30,47,41,80,Cybersecurity
71,53,49,100,85,64,26,10,78,33,Cybersecurity
77,74,44,81,82,78,92,39,25,46,Cybersecurity
92,89,80,54,44,21,30,84,17,86,Civil Engineering
79,82,43,54,52,86,60,50,88,47,Electrical Engineering
88,85,46,89,25,28,41,73,61,55,Civil Engineering
76,83,60,86,19,71,68,49,85,77,Electronics & Communication
87,66,70,63,30,18,11,59,33,64,Data Science / AI
99,70,56,62,82,36,67,53,89,42,Data Science / AI
76,83,49,100,33,60,67,19,99,59,Electrical Engineering
79,78,68,75,71,57,39,61,26,84,Mechanical Engineering
72,87,69,88,70,50,29,95,75,81,Electronics & Communication
68,74,57,96,59,23,28,99,13,84,Civil Engineering
62,67,65,68,25,67,39,13,10,50,Electronics & Communication
85,67,90,60,44,50,27,44,17,54,Cybersecurity
77,60,76,74,100,23,18,55,98,59,Cybersecurity
72,89,60,85,55,11,50,22,44,56,Cybersecurity
63,73,52,63,22,84,91,23,48,60,Mechanical Engineering
73,99,71,100,76,66,72,85,69,47,Cybersecurity
78,66,93,82,69,87,26,57,98,62,Electrical Engineering
65,79,65,40,29,21,74,79,40,62,Robotics / Automation
89,88,97,82,99,79,24,85,33,30,Cybersecurity
71,84,82,100,79,71,73,15,65,93,Cloud / DevOps
74,69,59,84,83,35,36,40,31,85,Cybersecurity
51,83,78,85,22,55,89,17,31,73,Robotics / Automation
77,94,83,64,79,95,47,65,45,37,Cybersecurity
66,58,78,56,91,74,55,77,77,54,Electrical Engineering
91,91,56,71,51,99,65,100,71,47,Electronics & Communication
75,85,94,44,32,12,75,44,60,91,Mechanical Engineering
70,68,48,66,94,84,31,56,49,57,Civil Engineering
81,67,46,100,57,20,84,60,31,50,Cybersecurity
78,73,53,79,33,54,11,23,78,53,Electronics & Communication
72,43,53,89,94,91,61,31,48,87,Data Science / AI
100,77,86,72,80,62,34,85,42,53,Software Development
73,88,94,98,21,31,30,41,45,41,Mechanical Engineering
59,70,74,70,82,83,32,86,11,31,Civil Engineering
80,84,85,100,87,99,93,63,60,51,Cloud / DevOps
70,51,75,100,15,27,62,61,10,63,Civil Engineering
67,82,80,78,16,84,56,65,34,53,Data Science / AI
75,58,40,54,71,46,92,15,12,59,Data Science / AI
69,88,68,65,16,20,83,38,41,77,Mechanical Engineering
61,81,90,94,78,89,32,27,30,68,Robotics / Automation
84,49,64,100,21,21,85,38,58,30,Software Development
91,48,69,81,63,12,77,28,69,92,Software Development
63,40,71,60,51,61,45,61,24,83,Software Development
63,66,67,74,70,65,26,60,46,57,Electronics & Communication
61,68,43,80,55,11,11,83,51,59,Civil Engineering
40,67,83,55,69,32,35,44,64,41,Robotics / Automation
85,89,40,72,64,94,28,38,96,44,Electrical Engineering
40,70,69,40,35,62,24,11,92,63,Mechanical Engineering
100,76,57,100,21,65,48,27,35,42,Electrical Engineering
48,53,40,100,54,45,46,24,35,88,Cybersecurity
79,81,74,85,69,70,94,59,76,76,Robotics / Automation
76,76,71,64,63,14,64,98,36,62,Civil Engineering
74,76,71,48,87,47,33,89,15,65,Cloud / DevOps
54,88,65,85,18,70,51,53,22,95,Electronics & Communication
58,49,57,70,66,12,21,73,89,54,Cybersecurity
65,91,72,100,48,99,33,15,31,66,Electronics & Communication
81,40,85,47,38,66,49,44,44,39,Robotics / Automation
78,60,100,100,31,38,44,54,64,72,Cloud / DevOps
63,70,73,90,74,59,83,42,67,31,Cybersecurity
75,56,59,74,55,47,78,57,38,78,Cybersecurity
93,78,58,86,63,81,82,15,45,89,Mechanical Engineering
69,85,100,68,35,76,65,100,44,38,Civil Engineering
87,60,68,75,93,11,10,86,53,59,Cybersecurity
72,100,65,85,90,50,71,44,32,41,Cloud / DevOps
46,78,87,65,45,40,51,85,87,32,Civil Engineering
40,71,70,88,14,84,38,71,78,39,Civil Engineering
100,66,57,53,43,96,64,16,49,92,Electrical Engineering
77,79,61,89,22,47,38,68,74,96,Electronics & Communication
81,72,56,66,45,37,68,16,60,78,Data Science / AI
40,75,70,78,79,67,93,54,63,62,Robotics / Automation
82,77,68,75,69,26,96,59,39,81,Mechanical Engineering
53,63,70,61,57,94,48,98,21,96,Civil Engineering
87,62,73,77,76,87,83,14,17,49,Cloud / DevOps
86,85,80,40,70,99,31,83,24,31,Civil Engineering
92,94,62,79,76,49,52,15,99,88,Cloud / DevOps
61,42,58,65,12,47,40,56,62,84,Software Development
69,57,58,74,53,14,39,100,41,86,Mechanical Engineering
63,80,80,100,64,85,75,41,37,33,Robotics / Automation
91,75,60,80,71,92,66,95,37,32,Civil Engineering
79,64,81,49,61,70,99,25,80,47,Electrical Engineering
71,80,65,71,33,63,62,70,83,65,Electrical Engineering
72,59,87,56,88,12,75,67,75,94,Cloud / DevOps
79,78,55,76,52,37,74,52,96,35,Robotics / Automation
61,92,52,63,70,36,83,63,36,68,Mechanical Engineering
56,51,93,84,99,75,98,89,74,91,Electrical Engineering
77,62,83,60,13,50,91,51,12,68,Cybersecurity
86,58,60,88,27,25,98,68,17,63,Electronics & Communication
87,80,54,66,64,99,19,79,61,86,Civil Engineering
77,59,90,40,13,62,60,36,33,37,Data Science / AI
63,64,40,49,61,30,83,96,11,90,Cloud / DevOps
84,72,93,100,84,84,32,75,88,40,Data Science / AI
81,76,70,40,72,25,81,29,63,71,Mechanical Engineering
54,73,79,80,39,69,21,68,10,98,Electrical Engineering
61,86,92,91,49,88,43,31,61,67,Cybersecurity
89,63,86,77,13,36,99,85,78,60,Electrical Engineering
82,77,68,59,96,40,51,48,97,32,Software Development
73,86,63,91,46,55,82,88,63,87,Mechanical Engineering
86,67,90,68,58,86,32,18,88,73,Electronics & Communication
97,78,69,59,34,10,57,43,87,97,Electrical Engineering
73,68,51,71,44,39,81,75,45,61,Civil Engineering
62,80,89,52,16,99,28,98,96,39,Civil Engineering
100,70,55,88,69,78,24,63,70,94,Software Development
68,70,63,60,59,91,58,92,44,58,Civil Engineering
85,67,48,84,96,24,53,92,77,36,Software Development
56,54,87,53,58,93,42,84,94,48,Electronics & Communication
40,81,65,71,21,52,10,35,67,35,Data Science / AI
70,75,58,100,70,16,86,29,62,68,Mechanical Engineering
52,78,79,61,67,16,36,13,75,99,Software Development
59,87,55,64,76,91,18,68,30,81,Cybersecurity
88,72,43,100,77,31,86,63,80,52,Cybersecurity
67,65,73,86,48,77,51,13,94,32,Electronics & Communication
100,47,82,88,28,76,74,94,84,73,Electrical Engineering
72,83,84,50,92,92,69,90,45,41,Software Development
100,48,52,70,63,79,10,64,85,44,Electronics & Communication
100,67,69,100,24,31,70,61,60,46,Software Development
70,54,63,99,81,14,77,27,12,60,Data Science / AI
76,100,81,63,68,17,91,32,63,54,Robotics / Automation
75,59,59,100,45,44,37,51,86,78,Electrical Engineering
90,84,60,100,92,42,52,76,97,92,Software Development
91,100,97,48,20,32,11,47,94,48,Electronics & Communication
58,56,55,80,30,94,57,37,62,32,Data Science / AI
66,100,98,74,29,38,68,56,41,31,Cybersecurity
100,94,63,40,80,44,82,67,61,37,Data Science / AI
71,62,73,76,88,58,93,67,10,46,Cybersecurity
75,79,51,82,41,58,50,27,98,69,Electrical Engineering
68,74,84,52,55,55,38,99,64,62,Civil Engineering
70,70,62,91,74,20,99,78,66,77,Civil Engineering
64,63,59,94,45,96,12,41,61,64,Electronics & Communication
67,78,99,73,79,28,25,55,82,87,Electronics & Communication
91,97,85,74,41,76,57,45,61,82,Cybersecurity
84,52,58,64,35,26,39,64,14,78,Electrical Engineering
100,59,57,56,69,87,89,77,62,66,Data Science / AI
83,74,86,87,26,57,84,49,82,92,Mechanical Engineering
54,59,90,71,27,16,42,33,87,97,Electrical Engineering
92,69,55,69,33,31,62,82,89,46,Electrical Engineering
60,63,73,84,59,63,60,19,68,82,Cybersecurity
51,71,61,63,34,54,58,88,85,49,Civil Engineering
76,63,90,96,85,87,80,41,37,71,Cloud / DevOps
92,64,55,76,61,81,75,69,100,93,Electronics & Communication
72,62,52,74,88,33,57,65,11,68,Software Development
68,82,79,94,41,42,77,32,16,96,Robotics / Automation
56,78,59,53,87,41,22,51,35,97,Cloud / DevOps
68,88,64,100,86,20,29,26,61,31,Software Development
83,66,87,83,10,18,47,48,16,89,Electrical Engineering
61,99,73,75,28,88,18,49,93,59,Software Development
62,89,77,86,46,82,19,37,48,45,Software Development
67,84,83,62,36,76,83,73,51,49,Robotics / Automation
53,80,46,77,26,14,85,88,79,85,Robotics / Automation
68,90,64,94,95,59,48,30,95,47,Electronics & Communication
67,86,100,55,11,52,89,100,93,49,Mechanical Engineering
79,100,70,76,76,33,39,53,39,33,Cloud / DevOps
86,72,44,95,64,64,87,23,89,63,Robotics / Automation
44,65,88,68,26,82,79,14,93,77,Electrical Engineering
64,85,57,52,78,26,10,20,70,76,Cloud / DevOps
79,69,51,86,90,10,67,88,62,82,Software Development
81,66,65,83,77,65,83,52,71,49,Cybersecurity
92,67,79,85,10,49,41,49,72,62,Electrical Engineering
88,72,56,66,100,30,50,38,19,54,Cloud / DevOps
80,99,62,89,94,89,50,61,22,31,Software Development
70,73,92,88,73,72,73,35,92,51,Mechanical Engineering
56,63,88,77,73,54,17,38,63,41,Cybersecurity
57,59,80,92,15,28,98,52,89,39,Cloud / DevOps
75,100,82,70,76,71,34,36,68,35,Data Science / AI
62,57,75,66,48,33,47,49,45,87,Mechanical Engineering
100,93,79,53,80,87,10,44,73,85,Software Development
64,90,61,95,66,78,63,26,38,70,Data Science / AI
82,72,59,73,10,98,70,62,51,39,Data Science / AI
77,87,56,70,70,90,14,98,81,75,Electrical Engineering
75,81,56,51,71,98,40,94,31,98,Civil Engineering
85,49,89,72,85,54,20,44,55,79,Data Science / AI
51,64,75,65,42,14,87,19,81,75,Electronics & Communication
75,83,66,58,10,54,54,79,20,42,Civil Engineering
70,93,95,40,51,67,43,44,89,80,Electronics & Communication
91,75,83,65,41,87,95,24,60,36,Robotics / Automation
48,80,55,50,70,10,16,46,11,61,Software Development
55,81,72,89,49,50,49,25,79,65,Software Development
85,65,68,65,41,87,79,29,32,40,Electronics & Communication
71,57,75,94,13,97,36,85,58,80,Cybersecurity
62,91,71,79,15,40,75,57,79,100,Robotics / Automation
49,44,72,89,97,45,90,98,12,86,Electronics & Communication
64,97,81,58,79,11,29,60,51,50,Civil Engineering
75,100,51,84,21,58,46,98,65,56,Civil Engineering
70,82,89,68,36,40,53,63,26,55,Software Development
91,100,70,89,34,87,69,48,43,32,Electronics & Communication
66,72,67,89,74,16,65,72,15,94,Civil Engineering
93,70,93,100,87,81,71,15,86,51,Software Development
87,64,60,60,96,25,86,99,88,41,Cybersecurity
89,53,80,55,38,20,21,35,97,48,Electronics & Communication
87,72,90,95,58,22,22,52,78,65,Electronics & Communication
96,93,72,54,81,16,53,30,61,60,Data Science / AI
59,40,53,76,94,25,24,86,93,81,Software Development
66,69,77,69,47,68,97,96,30,48,Civil Engineering
58,71,56,70,12,50,38,86,70,30,Civil Engineering
95,67,96,100,70,71,44,56,45,67,Robotics / Automation
66,55,69,95,99,17,78,96,96,47,Electrical Engineering
67,85,88,61,20,66,18,47,59,39,Civil Engineering
64,82,72,62,41,83,44,63,72,79,Electrical Engineering
69,70,46,88,26,62,33,41,51,78,Software Development
67,40,69,61,56,39,11,27,59,39,Electronics & Communication
100,63,53,84,48,12,26,57,72,87,Electrical Engineering
65,60,77,56,37,59,76,61,16,72,Software Development
53,97,78,70,60,40,15,60,60,60,Electrical Engineering
74,79,84,61,11,57,15,26,77,41,Electronics & Communication
80,64,67,77,44,11,89,79,85,45,Electrical Engineering
74,83,77,47,37,85,15,85,25,51,Civil Engineering
54,66,97,59,17,40,91,13,28,76,Cybersecurity
71,63,61,78,12,87,43,53,30,55,Robotics / Automation
96,78,57,100,57,82,69,99,86,76,Electrical Engineering
76,63,91,66,24,83,93,33,60,35,Software Development
99,58,91,78,89,78,65,15,27,89,Cybersecurity
94,100,53,97,73,47,94,51,42,64,Mechanical Engineering
53,56,57,84,15,50,46,81,87,66,Mechanical Engineering
75,69,72,85,52,38,75,21,25,32,Electronics & Communication
85,88,97,74,25,80,86,59,54,74,Mechanical Engineering
67,81,52,62,46,46,52,60,61,50,Cybersecurity
89,70,51,48,86,97,57,29,25,93,Cloud / DevOps
75,89,86,76,16,50,99,62,58,31,Mechanical Engineering
100,70,67,40,62,23,63,27,49,99,Electrical Engineering
68,84,93,60,13,67,11,47,67,49,Electrical Engineering
81,87,70,40,61,12,26,35,55,38,Civil Engineering
78,83,55,70,74,56,13,19,57,55,Software Development
57,40,85,74,18,66,39,96,91,41,Electrical Engineering
98,84,64,73,73,22,50,64,16,74,Electronics & Communication
83,86,74,94,66,83,17,57,26,52,Mechanical Engineering
70,57,69,78,48,19,36,41,85,71,Electronics & Communication
56,51,76,67,66,82,43,17,100,78,Mechanical Engineering
72,66,92,97,56,37,22,97,50,89,Civil Engineering
56,64,82,85,84,16,50,68,25,40,Electronics & Communication
74,54,59,65,91,83,78,60,65,68,Cloud / DevOps
79,97,59,56,84,37,64,52,59,45,Data Science / AI
73,87,48,100,34,51,87,73,43,88,Robotics / Automation
72,60,45,87,80,10,57,97,69,36,Data Science / AI
72,74,56,69,41,98,71,70,21,99,Robotics / Automation
67,70,59,47,41,10,92,22,82,53,Electrical Engineering
100,51,72,43,13,87,56,65,72,60,Electrical Engineering
45,73,72,97,34,28,98,100,87,91,Mechanical Engineering
80,69,55,100,97,27,36,82,61,67,Cybersecurity
88,53,70,77,15,33,81,27,51,60,Cybersecurity
69,83,82,71,60,68,58,89,85,53,Electronics & Communication
70,94,83,76,31,66,70,40,89,50,Electrical Engineering
50,77,80,40,78,53,93,28,15,47,Mechanical Engineering
78,65,66,58,97,33,12,83,22,62,Software Development
72,92,63,92,18,64,88,34,39,52,Robotics / Automation
62,83,70,81,47,27,37,48,73,39,Electronics & Communication
75,81,40,49,29,87,11,96,71,72,Electronics & Communication
81,41,62,74,20,52,44,98,53,46,Electrical Engineering
62,61,74,93,17,66,51,65,82,38,Cloud / DevOps
60,63,59,40,80,38,25,13,10,80,Mechanical Engineering
77,86,85,59,41,37,96,29,33,85,Mechanical Engineering
56,72,82,77,26,73,67,69,69,57,Cloud / DevOps
79,89,58,71,19,63,74,99,14,80,Robotics / Automation
99,69,50,62,48,71,13,66,10,56,Electronics & Communication
60,77,56,79,56,16,40,58,14,72,Civil Engineering
63,40,74,77,31,89,74,48,27,66,Data Science / AI
82,61,58,82,14,91,70,100,48,36,Cybersecurity
97,72,76,69,73,44,12,96,92,85,Electronics & Communication
51,86,83,87,56,74,31,64,68,83,Cybersecurity
72,80,83,100,57,82,10,65,30,31,Software Development
89,72,50,77,41,100,61,34,75,75,Electronics & Communication
78,82,90,73,43,62,19,46,83,87,Electronics & Communication
100,45,76,60,50,86,72,92,85,56,Electrical Engineering
46,68,48,72,76,37,85,99,83,92,Civil Engineering
75,88,47,91,83,79,100,45,86,39,Cybersecurity
76,87,63,51,86,100,74,64,14,70,Cybersecurity
56,52,77,100,11,46,86,99,94,56,Cybersecurity
66,81,47,78,63,65,47,37,26,46,Cloud / DevOps
85,50,66,87,85,42,58,22,26,42,Data Science / AI
40,92,75,87,80,84,100,78,93,39,Mechanical Engineering
68,46,78,73,52,88,46,81,53,59,Mechanical Engineering
75,88,81,100,12,10,99,19,33,87,Robotics / Automation
77,61,67,82,99,30,27,34,85,97,Cybersecurity
90,49,70,100,73,48,32,91,30,73,Electrical Engineering
71,85,77,92,69,74,99,72,18,95,Mechanical Engineering
62,59,70,47,26,36,67,77,92,99,Robotics / Automation
70,75,96,82,17,52,94,79,47,38,Robotics / Automation
84,89,55,72,76,16,59,99,19,55,Cybersecurity
100,70,86,92,83,92,57,61,49,89,Cybersecurity
52,76,72,80,60,13,96,51,75,84,Robotics / Automation
63,55,62,73,89,44,82,59,34,99,Cloud / DevOps
92,99,90,90,10,89,66,29,35,80,Data Science / AI
59,65,73,63,16,79,17,83,28,83,Data Science / AI
83,82,78,93,59,61,26,10,22,83,Civil Engineering
61,85,59,58,55,50,67,97,74,82,Civil Engineering
82,90,77,75,45,52,73,95,76,81,Robotics / Automation
79,74,53,52,51,55,73,55,22,52,Robotics / Automation
73,73,70,87,70,65,45,10,10,36,Electrical Engineering
71,80,67,100,77,67,53,76,63,97,Data Science / AI
76,100,75,71,47,97,17,55,19,83,Electrical Engineering
61,50,55,59,55,42,51,23,29,52,Mechanical Engineering
80,64,72,98,48,43,18,75,85,90,Electronics & Communication
73,100,52,72,10,28,35,35,77,82,Electronics & Communication
66,86,40,49,12,75,39,50,70,35,Data Science / AI
73,95,73,50,67,12,41,62,34,35,Mechanical Engineering
57,97,60,58,44,29,37,75,92,82,Civil Engineering
97,87,89,57,17,32,15,98,52,36,Civil Engineering
52,73,75,81,79,88,78,38,13,65,Mechanical Engineering
97,45,82,55,37,44,95,84,11,85,Data Science / AI
87,64,57,64,87,70,86,72,83,92,Data Science / AI
53,72,58,89,44,53,29,81,44,44,Civil Engineering
84,97,75,84,36,56,59,88,44,97,Civil Engineering
96,62,47,78,11,48,50,15,69,56,Civil Engineering
53,100,91,100,58,98,72,48,75,31,Robotics / Automation
75,80,63,90,73,91,91,38,83,62,Mechanical Engineering
56,40,58,48,53,84,90,80,15,47,Electrical Engineering
97,99,48,98,10,31,88,42,44,48,Mechanical Engineering
89,48,64,64,39,21,55,77,86,47,Electronics & Communication
86,53,68,62,76,45,88,12,69,54,Cybersecurity
82,68,61,71,29,15,39,22,82,86,Electronics & Communication
100,65,54,85,70,46,78,65,68,76,Civil Engineering
72,50,100,68,24,94,49,18,75,84,Electronics & Communication
69,74,95,44,97,76,30,35,10,94,Electronics & Communication
79,100,71,52,26,87,50,92,76,80,Electronics & Communication
65,75,89,68,23,83,63,30,41,58,Cybersecurity
87,50,48,66,64,13,92,56,80,78,Electronics & Communication
96,73,74,80,31,68,63,71,47,96,Civil Engineering
91,62,80,60,36,22,66,34,99,30,Electronics & Communication
100,59,56,84,61,33,85,37,94,41,Electronics & Communication
76,76,73,55,21,77,21,69,79,94,Electrical Engineering
99,85,90,65,47,28,58,56,53,69,Electrical Engineering
81,74,86,95,89,80,85,12,63,49,Data Science / AI
77,49,96,85,27,68,28,38,93,90,Electrical Engineering
65,78,47,93,67,89,74,84,13,49,Mechanical Engineering
52,68,73,93,39,70,96,83,17,34,Civil Engineering
76,81,69,74,100,64,50,44,79,87,Software Development
76,69,44,61,95,80,45,69,67,71,Cybersecurity
78,68,67,69,19,90,66,63,73,70,Electronics & Communication
62,64,65,75,35,85,77,19,79,99,Software Development
80,69,54,49,67,36,69,75,18,75,Civil Engineering
100,55,62,84,84,18,51,73,87,37,Cybersecurity
80,79,63,79,57,75,87,90,59,51,Robotics / Automation
75,67,73,93,80,36,74,43,80,95,Cloud / DevOps
74,71,86,92,62,36,77,12,29,32,Robotics / Automation
98,45,83,85,61,20,29,40,85,81,Electrical Engineering
61,75,85,60,33,24,90,95,87,33,Robotics / Automation
81,85,53,72,21,80,79,22,29,99,Robotics / Automation
79,60,56,72,93,22,75,27,13,92,Software Development
87,81,57,86,61,59,86,14,25,36,Robotics / Automation
62,47,64,95,85,26,38,71,28,48,Electrical Engineering
84,71,63,67,80,87,39,38,45,95,Cloud / DevOps
76,55,64,71,94,48,87,68,15,61,Cybersecurity
54,59,76,75,15,63,72,51,68,95,Electrical Engineering
70,58,93,59,76,38,34,53,55,87,Software Development
78,64,70,83,72,66,40,22,31,57,Data Science / AI
54,71,87,100,51,52,53,90,15,70,Civil Engineering
73,72,100,95,66,96,14,55,26,41,Electronics & Communication
65,62,84,56,71,89,87,96,38,96,Mechanical Engineering
91,77,77,70,100,45,43,15,49,77,Data Science / AI
65,93,66,67,23,19,49,18,49,91,Software Development
73,74,54,64,93,99,23,29,39,71,Software Development
65,84,56,43,35,61,78,66,24,71,Robotics / Automation
45,49,90,75,78,87,19,14,84,86,Robotics / Automation
82,80,70,73,89,67,78,16,28,59,Cybersecurity
90,74,90,86,90,44,55,64,75,67,Cybersecurity
65,64,59,96,62,70,83,47,13,59,Electrical Engineering
68,60,74,73,64,48,12,18,65,57,Cybersecurity
79,100,83,75,88,50,71,37,73,94,Data Science / AI
53,64,80,53,25,55,84,73,56,87,Cybersecurity
100,72,70,63,86,100,95,28,94,86,Data Science / AI
82,54,100,98,23,75,60,81,36,34,Cybersecurity
89,51,73,96,82,21,52,81,57,68,Data Science / AI
83,56,60,66,39,39,32,48,21,78,Civil Engineering
65,94,41,86,18,80,54,90,42,98,Civil Engineering
55,57,40,65,41,84,65,59,13,89,Cloud / DevOps
97,75,52,93,48,47,59,70,100,62,Electronics & Communication
93,73,100,89,32,25,54,90,83,75,Electronics & Communication
85,59,79,78,93,20,90,72,44,44,Cloud / DevOps
82,61,71,60,18,66,10,53,11,50,Cybersecurity
42,86,47,76,19,75,95,22,61,100,Mechanical Engineering
79,76,65,79,92,46,22,39,48,65,Cloud / DevOps
82,83,96,79,59,99,17,100,85,62,Electrical Engineering
75,58,76,87,98,72,67,46,13,46,Data Science / AI
72,80,65,87,78,61,46,95,91,60,Data Science / AI
88,85,71,56,13,29,64,91,54,33,Civil Engineering
65,80,100,68,83,92,84,59,100,53,Mechanical Engineering
81,63,55,62,81,34,63,58,67,88,Software Development
43,92,40,70,86,58,63,62,65,39,Software Development
57,58,90,78,27,50,60,40,45,52,Software Development
60,63,58,74,27,26,27,97,99,58,Mechanical Engineering
77,100,41,74,88,85,79,15,19,56,Cloud / DevOps
70,86,75,85,64,80,38,63,72,75,Electrical Engineering
80,58,88,89,22,70,67,88,19,71,Cybersecurity
88,90,76,100,91,48,45,61,25,65,Cybersecurity
80,68,69,74,13,88,31,37,41,74,Data Science / AI
67,96,74,76,68,48,60,56,65,69,Cybersecurity
80,100,53,59,58,16,24,80,59,61,Civil Engineering
54,68,73,66,72,26,58,37,18,75,Electrical Engineering
66,74,62,80,88,91,52,55,84,50,Electrical Engineering
91,82,83,94,72,97,66,58,43,41,Mechanical Engineering
79,69,58,67,87,15,13,37,80,71,Software Development
67,82,75,87,32,52,53,18,36,64,Mechanical Engineering
57,93,63,55,97,42,80,61,71,48,Mechanical Engineering
68,100,64,69,78,78,39,83,10,68,Civil Engineering
72,69,58,77,70,40,39,18,42,76,Mechanical Engineering
91,76,53,68,58,99,20,57,97,91,Electronics & Communication
66,72,89,72,84,35,29,55,21,44,Mechanical Engineering
73,98,83,85,99,85,68,77,76,89,Cybersecurity
100,79,40,89,37,18,27,98,11,67,Civil Engineering
51,78,44,66,11,84,51,46,41,86,Robotics / Automation
69,60,64,93,93,65,64,22,75,54,Electrical Engineering
64,80,55,71,99,77,57,74,16,37,Civil Engineering
79,57,50,83,22,99,78,71,41,40,Mechanical Engineering
91,70,63,77,36,84,20,51,21,38,Mechanical Engineering
75,75,40,55,39,65,71,78,62,51,Mechanical Engineering
62,74,72,86,11,72,80,19,80,88,Mechanical Engineering
78,52,91,97,15,88,95,61,90,97,Electronics & Communication
56,76,61,77,64,48,26,52,68,36,Electrical Engineering
90,100,81,80,92,80,93,10,28,84,Data Science / AI
69,74,90,74,41,19,57,43,32,55,Software Development
61,47,77,79,61,14,16,33,34,36,Cybersecurity
65,87,63,72,74,65,52,92,98,72,Civil Engineering
74,66,73,95,99,12,96,51,27,51,Cybersecurity
57,79,72,77,22,22,47,29,13,81,Electrical Engineering
88,72,77,87,71,14,23,50,19,62,Civil Engineering
67,76,66,72,85,82,28,12,22,81,Electrical Engineering
70,79,71,82,41,36,76,28,26,47,Mechanical Engineering
74,47,70,76,45,14,14,50,39,46,Cybersecurity
78,63,52,86,95,32,16,57,58,47,Software Development
70,74,65,74,22,94,88,15,19,44,Mechanical Engineering
68,57,77,64,42,78,49,36,38,42,Cloud / DevOps
77,78,61,53,39,92,32,56,33,96,Electrical Engineering
100,64,79,100,24,37,30,41,86,62,Electronics & Communication
86,67,68,60,62,96,46,52,26,57,Mechanical Engineering
88,80,62,56,33,74,61,48,48,86,Electrical Engineering
55,86,71,78,10,32,43,84,75,85,Civil Engineering
62,50,84,75,64,34,44,32,16,75,Cloud / DevOps
88,66,66,87,65,68,91,95,70,61,Civil Engineering
85,83,65,86,45,94,83,80,91,76,Mechanical Engineering
91,70,62,99,89,70,39,55,61,41,Cybersecurity
65,81,69,41,98,32,59,61,57,72,Data Science / AI
91,40,40,84,44,72,59,30,57,61,Electronics & Communication
82,62,72,40,17,89,63,63,48,43,Mechanical Engineering
85,75,69,75,70,57,38,41,61,77,Cybersecurity
82,71,41,100,46,66,44,60,65,70,Cloud / DevOps
93,52,64,70,53,36,81,84,99,82,Electrical Engineering
91,40,62,43,91,83,80,53,41,49,Cybersecurity
70,64,71,64,35,100,59,73,85,49,Electronics & Communication
63,81,76,84,23,53,70,20,30,88,Electrical Engineering
72,63,68,84,35,90,80,38,51,64,Cloud / DevOps
42,77,74,76,94,46,62,80,52,94,Civil Engineering
72,40,63,100,64,41,95,83,13,82,Data Science / AI
75,67,70,81,60,78,28,47,82,90,Electrical Engineering
84,68,76,100,88,87,79,94,19,83,Software Development
90,100,60,100,55,38,96,74,20,42,Robotics / Automation
63,77,80,65,75,93,35,98,69,41,Civil Engineering
76,85,59,100,13,41,12,73,36,90,Civil Engineering
54,100,85,73,26,58,17,70,98,51,Software Development
68,64,67,74,22,45,78,88,64,91,Electronics & Communication
93,100,72,59,12,81,27,59,45,56,Data Science / AI
66,69,54,53,26,25,46,60,35,68,Robotics / Automation
100,76,57,89,60,33,51,92,45,48,Civil Engineering
57,55,57,100,84,91,31,59,99,67,Civil Engineering
71,40,88,69,61,36,34,86,23,88,Cybersecurity
47,67,77,82,84,85,90,48,11,57,Electrical Engineering
100,59,70,62,83,43,74,95,20,44,Data Science / AI
51,85,76,80,92,62,99,59,47,88,Mechanical Engineering
81,61,54,75,89,62,67,96,13,82,Data Science / AI
92,96,81,75,37,52,38,86,24,34,Civil Engineering
79,72,54,75,23,59,23,31,54,33,Data Science / AI
54,70,94,89,61,41,82,87,44,34,Civil Engineering
61,70,57,73,20,34,38,39,44,64,Cloud / DevOps
90,81,100,96,70,95,63,71,94,56,Electronics & Communication
78,82,66,54,78,22,46,15,82,99,Cybersecurity
94,87,66,79,21,17,19,65,73,57,Electrical Engineering
93,84,48,79,19,42,79,21,23,81,Mechanical Engineering
72,88,85,98,46,84,93,100,85,40,Mechanical Engineering
58,60,86,64,16,49,93,30,14,49,Electronics & Communication
52,79,61,100,81,63,63,25,61,99,Software Development
79,74,64,100,19,89,87,15,41,67,Mechanical Engineering
80,65,58,73,25,35,43,74,52,68,Electronics & Communication
60,87,42,72,43,29,17,36,50,55,Data Science / AI
84,77,59,86,64,17,99,71,82,42,Robotics / Automation
61,71,79,83,85,22,36,79,58,37,Civil Engineering
64,89,71,88,20,51,71,22,99,41,Robotics / Automation
97,88,86,78,24,36,27,100,22,69,Civil Engineering
86,75,51,80,12,27,48,69,95,30,Electrical Engineering
78,80,68,61,76,81,93,21,47,41,Software Development
84,52,91,70,26,78,68,90,48,70,Cybersecurity
78,80,78,49,72,99,19,87,37,85,Civil Engineering
87,76,60,61,70,75,57,72,58,67,Civil Engineering
69,52,95,100,64,34,87,19,40,100,Data Science / AI
81,68,67,88,14,91,73,48,88,44,Electronics & Communication
100,63,53,100,25,83,46,31,41,49,Data Science / AI
48,56,66,46,54,46,16,19,100,60,Data Science / AI
91,84,61,98,52,37,52,16,62,85,Cybersecurity
96,70,63,100,59,18,62,80,42,74,Civil Engineering
85,75,90,80,53,31,51,32,93,93,Electronics & Communication
67,73,85,40,19,10,27,91,56,66,Civil Engineering
70,92,62,100,72,18,100,69,84,99,Robotics / Automation
96,71,61,69,76,77,55,64,59,66,Data Science / AI
100,100,71,64,17,13,57,23,85,73,Electronics & Communication
76,75,51,76,67,54,94,61,36,76,Robotics / Automation
94,45,82,99,74,47,28,33,67,41,Robotics / Automation
66,97,59,82,29,59,61,27,93,76,Electronics & Communication
70,67,60,87,56,13,43,58,11,90,Software Development
87,71,49,82,94,15,20,47,93,65,Software Development
81,68,98,46,38,10,58,75,92,83,Electrical Engineering
41,61,80,55,43,15,99,75,66,43,Software Development
60,86,76,81,10,91,62,62,79,37,Mechanical Engineering
86,65,64,89,22,72,27,78,28,30,Robotics / Automation
54,40,63,91,62,31,34,74,24,45,Civil Engineering
78,84,40,80,94,30,27,39,28,100,Data Science / AI
84,51,82,72,33,32,81,29,46,31,Electronics & Communication
100,40,90,67,45,70,51,29,77,54,Electronics & Communication
50,64,74,93,87,85,86,48,14,30,Mechanical Engineering
100,93,55,95,21,14,80,44,67,44,Mechanical Engineering
80,62,66,62,57,23,100,24,41,74,Software Development
75,61,54,83,50,34,50,66,28,51,Electronics & Communication
84,69,90,70,85,26,10,65,47,45,Cybersecurity
70,81,68,76,72,81,15,86,69,97,Civil Engineering
40,72,42,53,40,13,26,79,12,39,Civil Engineering
54,56,61,66,13,48,23,89,46,72,Cloud / DevOps
84,75,41,76,48,19,88,52,26,95,Mechanical Engineering
79,67,69,78,93,43,46,70,81,82,Cloud / DevOps
86,48,66,100,46,90,26,80,14,52,Data Science / AI
96,84,78,100,92,75,96,81,88,58,Software Development
100,70,55,70,59,38,54,73,81,33,Electrical Engineering
100,48,62,49,69,81,84,24,95,48,Electrical Engineering
76,53,68,40,38,94,89,66,42,60,Electrical Engineering
84,90,64,72,86,83,11,50,52,100,Cybersecurity
72,74,69,88,54,73,57,85,83,69,Electrical Engineering
93,59,65,91,79,45,33,83,10,83,Cloud / DevOps
53,42,73,83,82,91,16,98,48,75,Cybersecurity
64,63,58,59,76,87,79,64,11,78,Data Science / AI
85,54,66,58,16,59,52,63,68,60,Cloud / DevOps
53,85,62,78,67,44,57,66,15,40,Electrical Engineering
52,60,81,100,50,28,66,63,21,58,Electrical Engineering
45,68,76,63,94,81,18,48,85,100,Software Development
87,58,72,65,27,55,38,91,12,95,Mechanical Engineering
93,61,64,92,34,71,61,88,88,50,Electronics & Communication
59,73,42,55,47,44,48,68,73,53,Civil Engineering
80,57,61,83,11,78,46,96,33,60,Cybersecurity
66,84,73,82,42,32,37,48,75,30,Electrical Engineering
93,76,93,91,45,20,68,100,26,69,Civil Engineering
67,91,73,67,24,52,53,41,60,43,Civil Engineering
79,88,76,100,78,53,50,68,46,33,Cloud / DevOps
91,79,54,71,32,73,82,58,11,50,Robotics / Automation
76,82,79,78,31,57,67,17,40,57,Cloud / DevOps
76,82,57,100,94,28,89,53,96,67,Cybersecurity
44,93,69,93,33,38,20,51,91,98,Cybersecurity
80,77,78,89,77,59,38,15,45,32,Data Science / AI
70,87,53,74,87,65,60,33,98,41,Electronics & Communication
87,86,76,67,30,22,72,47,30,47,Mechanical Engineering
88,61,96,73,13,48,21,62,69,99,Cybersecurity
51,54,70,77,25,55,97,40,85,52,Electrical Engineering
100,56,70,55,58,87,36,70,10,80,Cloud / DevOps
67,97,52,85,26,55,14,37,25,59,Cybersecurity
80,71,77,54,74,15,48,78,55,30,Civil Engineering
99,100,70,100,33,29,15,63,22,36,Data Science / AI
69,78,91,66,83,40,92,41,37,77,Mechanical Engineering
54,47,100,65,72,87,72,20,87,37,Software Development
72,55,84,60,17,92,12,33,100,73,Electronics & Communication
67,76,54,71,22,58,28,33,53,78,Mechanical Engineering
96,78,71,78,99,73,18,75,57,75,Cybersecurity
69,100,57,78,10,67,84,89,28,59,Mechanical Engineering
76,87,86,74,46,54,37,27,39,40,Electrical Engineering
79,76,40,46,93,90,69,69,78,39,Cybersecurity
65,63,52,88,52,58,47,66,46,61,Robotics / Automation
75,68,51,74,11,25,88,47,55,55,Data Science / AI
40,69,70,79,20,95,67,73,64,83,Civil Engineering
51,75,54,60,64,53,17,54,32,90,Electrical Engineering
85,100,70,60,18,26,13,83,30,100,Civil Engineering
77,86,79,100,21,99,92,51,71,100,Mechanical Engineering
64,75,93,100,62,94,19,89,17,49,Civil Engineering
45,71,92,100,26,41,18,96,24,80,Civil Engineering
85,66,54,100,71,90,80,97,66,33,Civil Engineering
85,59,66,80,59,90,71,90,64,56,Civil Engineering
83,58,60,45,41,27,29,35,97,92,Electrical Engineering
90,66,76,100,79,55,84,29,19,47,Cloud / DevOps
78,70,72,76,91,76,46,92,75,77,Cloud / DevOps
93,76,61,93,38,73,20,20,46,49,Mechanical Engineering
93,51,92,81,34,12,15,13,41,88,Civil Engineering
79,87,61,92,41,82,78,82,99,49,Mechanical Engineering
69,49,55,85,99,99,19,36,28,63,Electrical Engineering
60,96,87,99,54,86,94,90,74,78,Robotics / Automation
76,75,52,92,88,36,26,71,78,63,Software Development
80,80,95,64,72,94,80,35,97,93,Robotics / Automation
73,76,55,71,53,82,19,53,36,97,Cybersecurity
82,67,89,47,15,22,22,45,95,33,Electronics & Communication
91,81,61,58,55,30,99,64,60,67,Mechanical Engineering
43,60,85,73,65,66,38,57,18,48,Robotics / Automation
92,62,80,62,33,45,50,54,38,61,Robotics / Automation
60,70,60,47,56,96,60,50,59,90,Electrical Engineering
72,73,89,91,43,77,66,75,47,84,Civil Engineering
93,82,74,52,30,31,45,83,46,77,Civil Engineering
77,80,91,87,25,12,49,62,90,47,Electronics & Communication
93,56,65,82,10,62,84,26,82,83,Electronics & Communication
92,69,68,87,59,78,52,24,28,36,Electrical Engineering
58,96,56,40,26,67,63,73,32,59,Civil Engineering
75,97,78,88,50,99,12,88,66,57,Civil Engineering
75,69,46,40,42,97,44,27,19,46,Data Science / AI
77,91,75,86,48,65,94,57,10,53,Mechanical Engineering
98,76,68,60,35,47,73,69,80,30,Robotics / Automation
100,79,55,53,54,73,82,69,27,77,Mechanical Engineering
93,56,97,40,76,47,99,93,16,88,Software Development
96,79,71,71,36,39,93,88,77,47,Mechanical Engineering
100,82,56,44,47,67,81,97,28,61,Mechanical Engineering
77,71,47,74,66,92,29,98,17,64,Civil Engineering
66,72,80,100,50,18,60,72,61,86,Civil Engineering
88,61,75,76,11,60,35,62,90,58,Electrical Engineering
55,77,97,75,76,64,35,10,24,38,Cybersecurity
51,72,51,90,29,13,16,96,76,67,Civil Engineering
82,69,65,71,74,44,26,59,42,99,Cloud / DevOps
75,60,49,95,36,37,64,67,96,78,Electrical Engineering
69,74,74,80,75,31,98,79,87,81,Robotics / Automation
57,46,61,82,91,20,99,36,58,31,Civil Engineering
64,66,100,41,91,96,42,87,46,85,Civil Engineering
63,100,69,62,86,27,13,81,57,83,Civil Engineering
92,72,64,78,45,82,16,24,34,48,Mechanical Engineering
65,56,68,56,89,57,21,82,37,77,Software Development
75,77,82,95,93,10,19,23,52,67,Cloud / DevOps
68,79,77,80,24,70,54,77,98,37,Electrical Engineering
67,56,77,44,37,77,75,83,91,34,Electronics & Communication
70,40,49,59,42,91,18,17,46,37,Mechanical Engineering
91,82,61,88,40,18,54,61,59,95,Civil Engineering
88,69,49,71,19,97,37,52,34,96,Data Science / AI
73,53,75,80,45,75,92,37,71,69,Electronics & Communication
81,76,80,71,50,55,74,16,35,35,Mechanical Engineering
78,66,61,99,23,61,76,50,58,66,Robotics / Automation
44,85,60,61,24,72,67,80,43,34,Civil Engineering
78,49,57,59,21,87,14,29,69,43,Electrical Engineering
71,59,94,100,87,77,98,81,92,56,Cloud / DevOps
44,80,82,84,99,23,65,21,23,76,Electronics & Communication
65,68,58,67,59,64,76,64,24,40,Robotics / Automation
56,70,47,71,59,66,55,84,76,55,Civil Engineering
56,75,59,80,94,35,30,62,18,90,Software Development
91,95,40,59,51,13,52,78,36,77,Civil Engineering
70,78,45,57,34,42,55,92,79,38,Electronics & Communication
76,73,75,82,64,51,66,100,29,99,Civil Engineering
80,74,70,86,57,41,56,40,41,95,Cybersecurity
41,95,40,55,46,30,59,61,94,48,Data Science / AI
71,82,40,74,69,99,71,52,81,35,Mechanical Engineering
86,86,59,69,97,52,79,44,64,84,Cloud / DevOps
65,66,54,58,87,36,10,35,10,49,Electronics & Communication
81,73,77,78,53,36,30,69,32,91,Electrical Engineering
85,85,43,59,65,85,81,92,38,62,Robotics / Automation
71,71,59,91,18,91,57,100,17,51,Civil Engineering
100,74,71,90,50,26,76,57,48,84,Mechanical Engineering
47,72,84,63,40,10,79,69,34,30,Robotics / Automation
56,69,69,58,26,11,91,68,38,51,Robotics / Automation
100,64,52,73,70,70,68,24,25,94,Mechanical Engineering
88,72,77,59,27,50,26,98,71,94,Electronics & Communication
97,80,85,81,35,10,87,17,11,86,Mechanical Engineering
87,58,62,99,28,19,16,28,45,48,Cloud / DevOps
98,54,73,67,47,96,47,72,37,36,Civil Engineering
64,76,87,83,94,71,98,94,67,90,Mechanical Engineering
70,79,64,82,89,64,25,96,84,90,Electrical Engineering
95,40,81,47,58,56,100,88,65,74,Electrical Engineering
93,62,51,87,61,68,62,47,15,78,Electronics & Communication
80,57,51,71,40,34,46,44,12,32,Civil Engineering
56,56,71,57,29,30,46,27,96,78,Civil Engineering
81,94,67,77,35,68,89,35,98,53,Mechanical Engineering
100,54,87,94,21,84,19,43,41,31,Robotics / Automation
87,91,74,64,12,56,98,46,71,61,Robotics / Automation
91,88,86,75,16,24,52,73,91,44,Electrical Engineering
64,74,84,93,52,14,99,22,15,38,Robotics / Automation
68,76,50,92,100,29,63,11,13,94,Software Development
63,83,52,93,27,61,54,81,83,56,Civil Engineering
79,60,80,64,95,43,69,53,86,88,Data Science / AI
86,67,44,57,38,50,46,74,74,56,Electronics & Communication
68,92,83,100,72,21,86,33,23,66,Robotics / Automation
99,63,67,67,70,82,21,42,59,61,Electronics & Communication
64,44,69,51,62,91,59,46,96,60,Cybersecurity
74,100,62,78,12,36,21,73,98,47,Electronics & Communication
88,76,74,68,64,56,28,76,28,69,Civil Engineering
71,57,82,43,60,78,52,43,85,51,Electronics & Communication
89,50,84,68,95,26,47,10,15,34,Data Science / AI
56,80,83,67,12,79,60,95,16,41,Civil Engineering
85,40,50,98,48,95,58,12,50,41,Software Development
71,44,59,58,81,53,45,36,28,93,Software Development
72,66,72,73,61,93,35,17,92,55,Electrical Engineering
95,78,76,95,50,63,93,37,58,55,Mechanical Engineering
69,53,88,77,21,17,17,14,85,36,Electrical Engineering
77,62,60,90,18,80,66,76,24,30,Mechanical Engineering
89,83,81,85,78,15,32,77,92,59,Cybersecurity
76,69,88,68,99,45,18,52,79,53,Software Development
80,59,60,70,89,39,16,43,100,58,Cloud / DevOps
62,83,49,76,63,64,21,41,63,80,Cybersecurity
76,44,63,79,78,92,13,75,20,47,Data Science / AI
81,68,80,73,96,91,64,76,18,74,Cybersecurity
75,75,83,62,68,99,42,68,10,74,Cloud / DevOps
67,61,65,100,19,21,14,54,97,100,Electrical Engineering
83,55,60,81,96,41,11,88,65,93,Data Science / AI
61,61,90,63,87,67,89,74,47,47,Data Science / AI
89,90,58,58,81,84,25,49,27,84,Data Science / AI
70,55,71,71,70,62,55,92,13,43,Electrical Engineering
80,92,82,83,72,64,71,98,22,95,Robotics / Automation
45,78,95,40,71,60,26,94,77,99,Civil Engineering
85,69,57,89,37,62,40,65,79,97,Electronics & Communication
100,83,64,58,13,21,93,60,91,50,Robotics / Automation
77,85,64,69,61,32,85,30,33,84,Robotics / Automation
100,88,87,48,65,66,75,98,75,31,Mechanical Engineering
64,73,54,100,67,92,60,20,60,71,Cybersecurity
96,63,96,74,33,80,92,87,96,98,Electrical Engineering
100,74,78,100,69,47,84,84,40,70,Mechanical Engineering
94,79,67,84,27,51,53,89,71,91,Electronics & Communication
62,74,53,42,29,65,51,87,73,78,Civil Engineering
75,90,83,73,47,13,80,34,81,77,Mechanical Engineering
100,63,41,40,50,13,19,100,47,45,Robotics / Automation
57,84,60,83,23,59,52,71,80,54,Civil Engineering
99,55,77,84,83,18,27,85,55,80,Cybersecurity
62,92,65,68,21,78,78,66,20,44,Robotics / Automation
100,79,83,99,77,64,15,17,93,76,Software Development
65,90,62,65,10,87,33,43,44,53,Electronics & Communication
70,62,82,79,67,81,72,54,91,89,Electrical Engineering
67,82,65,69,90,39,92,12,28,55,Mechanical Engineering
75,78,75,68,25,23,29,53,91,31,Electrical Engineering
87,68,60,48,92,74,60,90,14,93,Cybersecurity
89,72,73,93,31,83,12,61,94,74,Electrical Engineering
67,51,71,80,33,30,39,34,62,56,Data Science / AI
71,94,40,95,91,81,12,59,31,35,Software Development
86,78,40,98,73,91,35,12,27,63,Cybersecurity
59,64,67,82,59,93,100,64,27,63,Robotics / Automation
84,85,82,79,56,40,70,91,46,33,Civil Engineering
81,55,58,91,99,51,73,98,21,65,Cybersecurity
87,82,62,91,60,94,86,57,62,93,Robotics / Automation
57,88,66,100,16,58,79,73,36,76,Robotics / Automation
52,98,64,68,42,57,38,42,52,38,Mechanical Engineering
77,61,68,61,58,93,64,80,78,83,Electronics & Communication
64,79,56,61,75,35,95,44,74,55,Robotics / Automation
54,64,89,59,81,39,94,55,93,100,Electrical Engineering
64,74,64,100,90,30,63,73,37,85,Civil Engineering
72,77,84,91,60,48,76,50,40,49,Mechanical Engineering
78,69,100,73,94,68,70,56,77,90,Software Development
68,62,44,89,75,87,47,41,30,82,Electronics & Communication
40,71,66,100,37,94,93,42,48,61,Robotics / Automation
47,58,67,71,86,98,53,78,14,75,Software Development
66,70,51,81,49,50,17,56,14,52,Electronics & Communication
40,71,60,93,44,61,69,31,11,36,Robotics / Automation
100,67,90,69,35,45,32,87,35,35,Civil Engineering
60,98,77,75,99,69,67,39,72,48,Civil Engineering
85,76,68,51,44,91,54,95,90,30,Electrical Engineering
70,81,68,91,81,13,18,63,27,72,Electronics & Communication
80,58,50,72,54,24,55,14,96,46,Electrical Engineering
67,77,59,63,48,53,12,94,33,42,Civil Engineering
90,74,59,75,49,36,53,39,18,47,Robotics / Automation
95,76,78,61,86,43,97,97,96,59,Data Science / AI
90,100,58,53,72,89,52,34,20,42,Data Science / AI
77,85,68,56,28,40,94,55,83,33,Robotics / Automation
73,80,63,85,31,61,55,33,68,63,Cybersecurity
92,75,69,89,80,65,96,58,33,74,Software Development
62,57,66,66,98,16,77,56,73,58,Electronics & Communication
62,99,100,68,34,80,96,54,54,67,Robotics / Automation
76,69,86,98,20,43,90,65,15,40,Cloud / DevOps
48,79,50,100,51,22,20,71,95,68,Civil Engineering
81,59,66,69,54,55,50,97,38,88,Software Development
82,87,52,100,63,27,70,33,79,43,Electronics & Communication
99,58,71,100,68,35,41,66,42,79,Data Science / AI
93,66,82,100,27,21,95,50,70,77,Electrical Engineering
76,62,72,79,31,64,42,22,32,84,Software Development
67,78,51,63,75,42,77,25,75,86,Robotics / Automation
86,45,83,40,30,11,85,89,17,84,Cloud / DevOps
49,64,74,98,20,87,65,40,12,60,Civil Engineering
75,68,78,59,19,65,73,17,49,72,Software Development
77,54,71,72,52,88,85,79,28,46,Electrical Engineering
62,74,72,96,66,39,96,22,32,57,Robotics / Automation
50,70,58,90,39,77,81,77,14,69,Civil Engineering
86,79,59,90,74,54,21,94,47,49,Civil Engineering
52,45,50,74,17,28,57,87,41,81,Mechanical Engineering
85,40,89,77,56,15,96,28,80,52,Electrical Engineering
51,73,86,85,23,41,42,26,70,76,Civil Engineering
91,51,63,58,66,58,69,33,87,38,Electrical Engineering
100,81,100,66,52,47,85,13,46,63,Mechanical Engineering
64,69,90,68,20,76,100,35,92,68,Cloud / DevOps
76,73,70,63,65,88,57,38,20,34,Cybersecurity
72,69,69,91,95,84,71,71,25,43,Cybersecurity
100,59,64,60,12,62,28,97,84,44,Electronics & Communication
77,63,73,94,87,26,59,53,18,87,Data Science / AI
40,79,63,83,30,75,24,64,28,40,Software Development
61,89,83,85,74,72,39,89,29,50,Civil Engineering
86,60,60,88,22,85,80,41,60,39,Civil Engineering
63,93,65,84,66,37,96,68,65,91,Mechanical Engineering
100,61,71,93,13,55,27,82,75,87,Electronics & Communication
89,67,62,70,10,66,92,47,54,40,Civil Engineering
96,67,71,67,35,17,42,45,50,36,Software Development
85,74,54,57,32,10,26,92,58,96,Civil Engineering
45,59,81,98,41,81,73,81,88,34,Cloud / DevOps
85,80,68,88,49,91,54,17,31,70,Electronics & Communication
79,99,68,99,61,67,60,16,40,36,Mechanical Engineering
88,83,40,91,11,87,36,44,62,88,Civil Engineering
73,65,47,74,48,90,18,78,28,60,Electrical Engineering
75,52,47,83,79,74,22,15,19,61,Data Science / AI
88,74,87,73,67,32,19,16,50,42,Cloud / DevOps
74,58,46,100,41,45,58,17,22,99,Mechanical Engineering
91,51,72,73,30,29,10,22,40,98,Electronics & Communication
70,65,75,89,31,56,40,32,14,100,Cloud / DevOps
81,70,67,91,97,19,96,59,76,45,Cloud / DevOps
81,73,69,81,38,63,11,40,78,41,Electronics & Communication
67,84,53,67,41,58,86,11,69,95,Robotics / Automation
84,55,46,76,92,72,64,71,33,35,Software Development
49,52,81,71,12,55,26,20,42,42,Software Development
94,53,68,82,70,11,68,24,65,60,Mechanical Engineering
57,87,77,46,81,56,13,93,95,98,Civil Engineering
74,77,61,48,87,51,23,33,37,88,Software Development
79,100,64,100,77,57,20,24,84,40,Cybersecurity
63,75,81,74,92,48,56,43,56,83,Robotics / Automation
70,82,98,80,28,88,60,54,53,79,Data Science / AI
67,69,100,77,86,33,68,64,73,40,Electrical Engineering
66,54,42,81,66,67,97,24,98,94,Electronics & Communication
84,66,69,53,28,64,40,84,55,81,Civil Engineering
76,79,61,100,23,27,61,58,66,99,Cloud / DevOps
62,76,82,73,13,57,56,73,36,88,Civil Engineering
72,50,90,71,22,35,79,77,71,66,Electrical Engineering
83,82,60,71,31,27,37,97,93,66,Electronics & Communication
95,55,100,61,18,48,48,60,58,52,Robotics / Automation
57,73,100,40,64,36,37,10,47,44,Data Science / AI
72,79,70,81,68,63,22,97,48,52,Civil Engineering
64,63,67,54,90,95,23,57,33,67,Electronics & Communication
74,66,62,80,39,24,86,60,78,83,Electrical Engineering
47,68,100,55,63,43,71,13,42,79,Civil Engineering
94,72,60,51,58,78,82,59,85,95,Robotics / Automation
77,93,64,73,12,37,58,80,81,59,Electrical Engineering
90,77,46,76,13,45,79,38,72,59,Robotics / Automation
97,71,40,81,39,98,20,54,83,53,Electrical Engineering
72,44,44,92,100,86,24,94,92,51,Cloud / DevOps
64,58,69,63,17,59,52,86,38,65,Data Science / AI
76,68,52,65,15,43,16,58,97,48,Electrical Engineering
81,72,68,100,20,79,67,31,26,95,Cybersecurity
85,84,67,78,45,71,25,76,34,32,Civil Engineering
68,83,68,79,21,78,24,67,99,81,Electrical Engineering
77,71,100,63,71,52,96,67,77,96,Robotics / Automation
64,82,61,69,83,71,46,84,88,87,Civil Engineering
58,79,77,69,89,86,17,50,30,47,Data Science / AI
85,44,59,71,72,25,24,45,79,82,Electronics & Communication
57,45,65,87,63,55,76,22,80,98,Data Science / AI
94,63,80,86,11,65,19,73,37,70,Electrical Engineering
93,66,43,76,41,22,62,35,22,51,Robotics / Automation
59,61,65,68,56,55,67,32,63,43,Electrical Engineering
77,82,64,82,86,49,87,62,37,92,Software Development
75,86,67,73,21,83,37,77,98,36,Electronics & Communication
69,69,58,59,77,31,99,16,24,56,Software Development
86,55,65,93,73,19,64,73,54,54,Cybersecurity
69,84,61,56,24,59,38,98,34,83,Civil Engineering
51,91,52,88,25,40,19,70,88,97,Civil Engineering
60,91,100,44,44,84,14,15,49,37,Cloud / DevOps
58,83,77,88,70,96,30,86,55,67,Civil Engineering
66,100,71,53,57,76,52,74,38,73,Civil Engineering
71,53,93,63,98,63,40,97,86,100,Software Development
82,64,60,40,29,71,45,37,87,49,Electrical Engineering
83,91,56,47,51,53,23,66,44,38,Cybersecurity
87,47,88,58,51,81,18,90,42,93,Electrical Engineering
58,75,54,62,32,23,100,33,100,54,Robotics / Automation
80,40,94,75,14,25,99,79,60,59,Mechanical Engineering
55,56,84,85,55,43,22,36,81,62,Civil Engineering
95,61,74,82,39,22,50,59,37,36,Cloud / DevOps
85,88,59,72,11,70,86,61,76,73,Mechanical Engineering
65,71,80,45,93,85,64,99,94,69,Civil Engineering
91,54,65,97,56,84,78,69,27,65,Software Development
79,77,52,56,81,88,87,32,99,43,Cloud / DevOps
89,63,62,92,71,91,34,52,93,41,Electronics & Communication
59,76,70,74,61,75,18,18,36,57,Robotics / Automation
67,63,53,83,34,64,67,13,71,47,Electrical Engineering
64,86,66,55,71,94,38,100,47,31,Civil Engineering
71,65,85,68,100,33,49,26,93,51,Data Science / AI
70,93,77,100,44,22,98,88,77,59,Mechanical Engineering
93,58,84,100,62,96,41,33,40,85,Civil Engineering
97,86,84,69,49,11,22,79,22,69,Civil Engineering
62,66,45,99,47,44,31,47,80,64,Cybersecurity
70,91,51,94,95,95,13,30,98,65,Electrical Engineering
67,52,94,94,57,10,99,86,49,86,Electrical Engineering
78,72,76,78,54,99,21,25,95,95,Electronics & Communication
63,65,99,100,94,18,53,63,45,31,Mechanical Engineering
98,79,64,60,23,49,73,54,34,99,Mechanical Engineering
64,63,100,100,34,69,14,50,49,47,Mechanical Engineering
86,57,83,70,51,21,97,91,89,37,Electrical Engineering
42,76,57,60,59,19,95,19,13,55,Robotics / Automation
71,64,69,73,59,50,88,44,33,52,Software Development
46,94,55,57,91,32,40,71,58,78,Civil Engineering
70,70,91,79,65,84,94,64,86,52,Electrical Engineering
83,76,73,80,82,54,39,39,78,79,Software Development
46,68,87,100,82,42,21,18,90,99,Cloud / DevOps
56,78,61,100,87,96,12,89,39,69,Civil Engineering
54,81,48,69,26,45,93,90,29,67,Mechanical Engineering
74,88,53,86,58,64,96,32,75,54,Robotics / Automation
75,76,84,51,62,34,35,48,96,96,Electrical Engineering
87,63,86,81,40,42,36,70,57,43,Electronics & Communication
71,63,82,97,58,65,88,42,14,94,Electrical Engineering
67,55,80,48,56,46,32,46,41,52,Electrical Engineering
55,56,63,50,89,27,80,52,53,32,Robotics / Automation
45,54,79,52,44,36,53,12,83,74,Cybersecurity
69,100,69,81,81,91,76,89,57,64,Robotics / Automation
60,100,61,70,90,11,41,82,64,84,Civil Engineering
94,69,70,69,46,51,36,51,86,42,Electronics & Communication
70,77,78,63,61,52,15,43,68,45,Electronics & Communication
63,62,48,46,76,35,10,14,85,73,Mechanical Engineering
79,86,83,40,27,80,75,68,37,65,Robotics / Automation
71,55,72,67,88,92,61,95,58,96,Cloud / DevOps
83,71,41,57,65,67,85,78,88,63,Robotics / Automation
75,73,48,47,12,62,99,23,68,32,Robotics / Automation
75,50,44,66,84,16,20,43,89,86,Software Development
67,58,59,75,20,13,37,77,43,87,Data Science / AI
64,73,64,78,53,60,71,55,63,85,Robotics / Automation
88,84,89,90,10,93,53,19,79,94,Electronics & Communication
78,65,64,59,12,97,22,59,72,67,Electronics & Communication
75,82,59,74,82,97,33,36,46,56,Cybersecurity
64,75,61,61,88,91,65,83,76,71,Civil Engineering
64,79,68,67,12,45,51,12,92,72,Electrical Engineering
78,65,86,57,62,100,83,39,72,73,Electronics & Communication
72,50,64,44,15,27,43,32,81,85,Electrical Engineering
86,83,81,75,70,99,78,85,31,72,Robotics / Automation
61,59,92,100,25,48,14,26,52,37,Cloud / DevOps
76,64,90,62,78,51,100,72,64,52,Cloud / DevOps
78,92,57,89,48,75,19,90,62,61,Civil Engineering
82,71,55,61,76,92,46,83,41,82,Software Development
79,50,71,84,95,59,35,51,75,74,Data Science / AI
89,51,89,100,12,20,12,20,28,86,Electronics & Communication
81,56,65,74,83,58,86,52,20,56,Software Development
79,72,74,73,47,92,74,57,28,92,Robotics / Automation
78,65,64,64,54,77,58,70,16,57,Electrical Engineering
100,93,78,98,51,63,28,16,34,84,Cloud / DevOps
86,74,47,70,42,48,97,46,37,63,Robotics / Automation
69,55,47,83,75,86,58,41,39,43,Electronics & Communication
79,54,58,95,19,96,29,35,38,77,Robotics / Automation
61,74,67,84,96,63,21,71,16,87,Civil Engineering
62,73,72,79,38,25,67,48,45,75,Robotics / Automation
76,77,100,100,69,64,32,96,62,47,Civil Engineering
65,40,78,78,59,41,60,66,78,70,Software Development
90,76,70,95,75,88,80,87,72,93,Robotics / Automation
94,51,57,73,73,57,88,44,97,66,Electrical Engineering
76,68,76,92,46,74,52,27,85,75,Electrical Engineering
100,80,57,72,67,68,42,13,40,90,Electrical Engineering
73,79,75,100,69,63,81,70,46,33,Robotics / Automation
68,77,100,64,29,12,71,63,69,75,Mechanical Engineering
77,57,71,60,49,86,66,54,35,68,Data Science / AI
90,74,55,90,19,50,70,36,93,56,Electrical Engineering
77,86,52,81,89,85,17,14,92,35,Cybersecurity
86,65,51,74,14,62,57,60,55,94,Cybersecurity
93,88,63,51,40,47,43,53,41,97,Civil Engineering
68,64,76,73,93,94,64,56,41,73,Cybersecurity
63,88,72,82,35,96,26,62,65,34,Software Development
49,40,48,66,14,43,69,13,83,40,Data Science / AI
83,40,93,78,17,41,49,84,95,76,Electronics & Communication
95,58,77,76,19,20,86,98,86,94,Electronics & Communication
87,68,77,94,50,20,21,80,23,70,Civil Engineering
65,75,41,87,74,37,67,45,61,84,Data Science / AI
100,53,68,90,49,49,70,67,64,41,Electronics & Communication
75,74,64,67,92,92,62,75,72,30,Cybersecurity
73,72,52,73,69,84,62,61,95,79,Electrical Engineering
98,65,51,72,100,88,12,57,27,77,Cloud / DevOps
64,51,72,62,53,86,85,57,12,97,Data Science / AI
65,74,47,43,45,31,99,39,98,59,Mechanical Engineering
85,43,55,42,33,83,100,33,73,84,Electronics & Communication
67,78,71,100,12,50,45,71,97,60,Electronics & Communication
91,58,52,100,32,29,18,42,17,75,Data Science / AI
90,80,71,79,37,21,78,59,58,34,Robotics / Automation
52,74,71,58,72,49,67,41,37,100,Data Science / AI
66,94,68,100,42,68,74,53,31,63,Robotics / Automation
48,64,46,53,48,48,26,10,34,71,Mechanical Engineering
62,76,74,62,46,23,12,96,31,58,Civil Engineering
41,94,65,54,74,71,92,38,55,40,Robotics / Automation
79,75,65,77,62,49,73,71,48,42,Mechanical Engineering
57,83,55,64,21,36,56,19,74,54,Software Development
84,90,93,94,28,55,75,57,35,64,Robotics / Automation
70,48,91,99,50,78,20,54,36,97,Electronics & Communication
64,85,65,100,56,91,31,98,25,92,Civil Engineering
67,100,81,100,80,87,51,53,89,37,Electronics & Communication
68,78,55,90,100,96,19,31,80,78,Electronics & Communication
88,100,77,88,56,76,24,58,68,74,Cybersecurity
67,80,64,77,37,78,36,22,85,58,Electronics & Communication
77,66,70,68,78,83,21,80,15,37,Data Science / AI
69,88,72,81,78,18,43,59,34,63,Cybersecurity
53,78,77,67,100,87,32,49,30,43,Civil Engineering
100,40,81,87,83,69,40,16,85,43,Data Science / AI
83,74,78,90,18,75,50,29,70,54,Mechanical Engineering
64,76,67,55,21,21,47,61,21,55,Cloud / DevOps
85,63,47,65,20,52,92,55,56,55,Software Development
63,87,72,99,18,51,38,14,34,37,Mechanical Engineering
65,85,100,81,47,11,67,66,78,41,Data Science / AI
87,82,48,85,16,88,62,56,88,100,Electronics & Communication
79,68,56,87,94,50,50,68,62,85,Data Science / AI
60,100,71,52,49,51,48,25,81,53,Data Science / AI
67,67,100,59,28,62,88,86,44,73,Civil Engineering
73,63,77,65,29,17,63,49,97,40,Electrical Engineering
57,69,65,64,12,63,23,98,58,78,Civil Engineering
66,89,65,54,98,88,21,12,17,97,Cybersecurity
68,72,49,100,30,95,42,27,25,81,Electronics & Communication
88,93,75,40,28,63,74,26,29,40,Robotics / Automation
98,59,58,77,55,91,61,31,93,78,Electronics & Communication
95,87,83,69,28,13,77,34,90,64,Robotics / Automation
70,77,68,91,83,100,21,10,11,74,Cloud / DevOps
87,80,40,77,27,94,91,91,91,75,Robotics / Automation
73,74,58,51,26,26,80,90,68,36,Mechanical Engineering
81,66,78,62,30,28,13,15,92,89,Electronics & Communication
96,87,74,71,81,53,88,73,26,62,Data Science / AI
87,77,73,93,81,69,25,28,88,74,Software Development
96,53,54,60,47,52,33,15,52,95,Software Development
52,71,79,74,100,28,90,76,61,32,Robotics / Automation
66,88,72,81,15,46,80,13,32,53,Robotics / Automation
92,70,100,66,11,63,55,48,71,63,Electronics & Communication
100,57,77,63,61,98,87,53,15,32,Mechanical Engineering
91,64,74,63,20,91,74,84,74,72,Electronics & Communication
89,62,95,57,60,98,43,36,14,42,Electrical Engineering
54,86,61,74,52,90,55,65,27,58,Electronics & Communication
70,52,68,97,81,72,77,75,75,86,Electronics & Communication
90,75,86,55,54,64,99,88,89,60,Mechanical Engineering
70,77,68,70,36,59,94,16,63,46,Mechanical Engineering
56,40,82,79,85,12,21,22,34,78,Software Development
88,65,59,75,45,71,85,45,95,87,Electrical Engineering
87,68,82,56,83,88,11,37,75,32,Data Science / AI
72,70,88,78,52,25,42,76,85,71,Electrical Engineering
100,51,71,78,81,31,82,47,49,39,Software Development
84,59,95,75,43,68,82,16,56,59,Mechanical Engineering
58,71,65,100,66,26,81,40,85,75,Mechanical Engineering
90,72,68,92,62,70,37,91,17,72,Civil Engineering
89,40,79,75,38,26,94,60,73,31,Electronics & Communication
55,85,100,85,75,76,61,90,77,82,Civil Engineering
91,99,57,41,52,58,98,94,29,51,Robotics / Automation
84,68,49,73,94,94,78,94,33,50,Data Science / AI
85,69,58,70,78,10,24,77,37,49,Data Science / AI
74,43,67,50,57,36,15,65,75,95,Electronics & Communication
84,48,85,67,64,78,48,97,64,92,Electrical Engineering
66,76,57,80,91,73,74,12,88,81,Robotics / Automation
64,63,76,54,51,80,38,71,44,65,Civil Engineering
56,75,69,78,83,70,52,28,20,59,Civil Engineering
79,72,79,76,91,35,20,71,51,74,Cybersecurity
44,45,98,75,86,90,30,74,99,92,Mechanical Engineering
89,66,69,66,78,100,68,45,21,38,Cybersecurity
100,75,61,45,77,59,97,30,64,86,Cybersecurity
100,69,81,90,25,93,25,88,89,93,Electronics & Communication
68,82,60,57,42,52,38,44,88,82,Electronics & Communication
92,69,77,82,50,19,55,92,65,69,Civil Engineering
84,48,61,69,24,88,61,66,77,84,Electrical Engineering
62,78,87,99,11,16,82,36,54,94,Mechanical Engineering
69,76,76,86,17,24,60,34,14,40,Civil Engineering
61,99,83,92,83,70,93,91,29,52,Robotics / Automation
93,80,54,72,28,26,77,45,79,57,Robotics / Automation
50,78,67,74,94,86,31,71,58,82,Civil Engineering
93,65,66,75,80,16,82,90,76,62,Cloud / DevOps
47,68,40,64,93,98,16,20,91,94,Software Development
87,78,61,75,45,11,36,35,48,100,Software Development
58,71,100,100,19,52,38,66,40,77,Electronics & Communication
75,74,55,60,61,61,72,23,54,71,Robotics / Automation
80,64,83,100,44,63,12,54,41,49,Electrical Engineering
79,73,44,88,15,88,65,72,44,81,Civil Engineering
57,65,84,93,91,99,27,73,27,36,Civil Engineering
68,65,59,53,36,60,99,48,89,38,Electrical Engineering
65,47,80,82,86,98,29,100,77,74,Electrical Engineering
83,57,52,75,66,90,97,29,74,76,Electrical Engineering
75,69,65,100,31,20,55,51,93,57,Electrical Engineering
81,100,89,100,12,96,73,68,53,70,Mechanical Engineering
58,80,63,45,21,30,59,33,63,63,Cloud / DevOps
97,67,54,67,87,57,60,71,92,95,Cybersecurity
63,61,66,100,46,60,10,67,81,32,Robotics / Automation
65,96,82,82,53,20,95,82,99,42,Mechanical Engineering
86,72,89,85,68,71,57,57,18,49,Mechanical Engineering
50,76,81,69,48,22,49,87,31,73,Civil Engineering
76,62,49,47,36,96,22,64,45,99,Cybersecurity
51,82,40,63,76,96,41,76,92,73,Civil Engineering
63,67,42,82,94,83,70,44,66,86,Electrical Engineering
55,88,60,73,54,58,50,84,14,91,Civil Engineering
75,75,70,67,12,56,51,48,88,63,Electrical Engineering
80,78,58,82,91,49,38,65,78,90,Cloud / DevOps
92,82,83,78,23,53,62,82,32,48,Civil Engineering
60,59,74,91,10,84,44,88,16,92,Electrical Engineering
100,86,52,61,98,40,48,24,54,56,Cybersecurity
100,68,70,57,85,69,69,25,16,36,Software Development
98,79,58,57,25,52,92,42,69,88,Mechanical Engineering
79,72,82,84,46,88,43,40,94,39,Electronics & Communication
71,63,67,65,98,78,71,27,32,75,Cybersecurity
73,72,56,86,69,74,53,61,42,43,Cloud / DevOps
69,59,64,79,53,44,92,91,72,69,Electrical Engineering
76,78,83,98,60,78,52,93,57,89,Civil Engineering
79,55,65,56,37,89,95,50,29,60,Cybersecurity
100,100,79,90,78,56,57,54,80,32,Cybersecurity
78,77,46,73,72,86,48,72,56,94,Civil Engineering
61,76,69,100,22,93,62,61,15,49,Electronics & Communication
88,76,65,100,43,90,91,25,34,82,Mechanical Engineering
74,76,70,67,40,37,93,91,48,86,Mechanical Engineering
75,42,46,81,48,12,69,23,42,81,Robotics / Automation
98,77,59,49,91,22,42,73,95,92,Data Science / AI
86,63,79,82,47,25,81,54,50,73,Software Development
82,72,75,72,76,37,73,46,57,81,Software Development
65,57,40,71,25,69,13,34,87,79,Data Science / AI
97,82,73,61,12,19,68,54,88,33,Electrical Engineering
89,70,93,57,23,66,14,59,68,64,Software Development
63,59,47,58,72,79,65,99,86,52,Electronics & Communication
76,61,40,94,50,50,97,22,60,49,Data Science / AI
49,80,70,100,56,84,40,95,80,84,Civil Engineering
89,64,59,100,66,61,96,41,55,55,Electrical Engineering
52,74,68,68,72,40,57,96,55,97,Civil Engineering
80,74,76,77,86,62,15,72,17,88,Data Science / AI
81,73,60,75,27,78,78,37,44,40,Mechanical Engineering
64,60,64,72,39,54,23,34,88,30,Data Science / AI
75,85,62,78,44,34,16,87,69,69,Civil Engineering
76,62,71,93,31,73,91,49,88,59,Electronics & Communication
77,75,59,100,61,96,38,50,71,82,Electronics & Communication
65,46,82,72,18,98,44,76,12,55,Software Development
70,63,98,81,95,16,68,96,39,76,Electrical Engineering
83,74,74,100,56,81,29,59,13,95,Cybersecurity
71,50,83,83,53,33,95,63,40,90,Mechanical Engineering
76,79,64,75,100,18,28,74,76,79,Cloud / DevOps
73,63,87,49,84,23,21,26,96,46,Data Science / AI
100,85,43,70,31,19,43,90,94,51,Electronics & Communication
72,77,55,75,30,58,20,23,84,92,Electrical Engineering
73,60,56,91,52,89,49,60,50,87,Mechanical Engineering
49,79,81,71,90,90,44,58,57,57,Cybersecurity
75,89,59,64,57,97,50,45,46,39,Data Science / AI
67,89,89,49,76,22,98,78,95,73,Mechanical Engineering
90,84,93,81,37,58,67,34,75,32,Electronics & Communication
74,89,80,100,28,17,36,80,92,99,Electrical Engineering
89,74,52,64,98,85,37,66,64,95,Cybersecurity
53,68,83,74,22,78,45,73,20,63,Civil Engineering
90,77,63,76,58,95,27,31,13,39,Mechanical Engineering
82,74,72,61,94,76,41,35,41,71,Cybersecurity
68,100,88,48,17,22,24,33,66,51,Electronics & Communication
40,73,83,65,36,59,11,35,10,95,Robotics / Automation
90,72,67,88,60,47,69,71,15,31,Civil Engineering
67,67,80,74,63,94,95,71,65,43,Civil Engineering
100,82,79,74,79,40,69,58,28,77,Software Development
88,67,74,58,71,63,93,71,98,38,Electronics & Communication
90,76,99,100,33,22,73,28,15,66,Robotics / Automation
86,73,55,91,81,16,94,48,23,94,Cloud / DevOps
78,80,95,60,83,38,15,38,95,50,Cloud / DevOps
61,68,82,84,48,93,52,61,42,84,Robotics / Automation
61,83,51,59,48,23,85,88,20,81,Mechanical Engineering
73,63,83,80,51,97,39,87,97,32,Electronics & Communication
100,68,68,96,42,82,14,82,100,92,Electrical Engineering
73,94,78,40,39,48,26,53,94,44,Electronics & Communication
92,85,84,40,97,16,25,80,18,77,Software Development
65,63,57,100,34,60,79,28,84,80,Robotics / Automation
74,71,78,85,11,69,45,32,25,72,Cloud / DevOps
40,62,48,82,18,86,41,91,60,47,Civil Engineering
70,72,40,69,31,61,10,27,32,44,Electrical Engineering
91,93,80,50,83,13,80,100,75,88,Cybersecurity
93,82,68,40,45,75,11,28,87,59,Electrical Engineering
89,63,75,76,57,79,39,74,48,54,Data Science / AI
98,70,69,100,10,62,56,67,40,71,Data Science / AI
65,84,67,56,71,49,53,42,58,57,Civil Engineering
75,82,90,100,25,13,30,20,48,36,Data Science / AI
70,57,65,53,29,79,41,34,21,72,Civil Engineering
71,66,80,40,75,91,84,100,71,31,Electrical Engineering
63,61,87,54,53,87,68,22,73,93,Data Science / AI
78,70,85,85,72,99,13,34,14,74,Electrical Engineering
76,63,42,79,74,67,17,83,48,39,Cybersecurity
82,48,51,79,42,99,58,10,52,41,Electrical Engineering
80,57,61,41,42,79,39,91,90,71,Electrical Engineering
95,52,78,74,40,67,59,81,43,44,Electronics & Communication
94,60,70,44,68,61,68,69,95,85,Electrical Engineering
45,80,43,70,11,59,45,38,49,71,Robotics / Automation
90,83,60,46,96,91,95,39,20,90,Data Science / AI
82,92,60,60,15,39,38,32,43,83,Robotics / Automation
67,80,88,52,52,73,43,53,24,30,Mechanical Engineering
52,100,67,79,79,45,78,15,85,68,Robotics / Automation
64,79,84,80,37,24,79,21,54,79,Mechanical Engineering
100,67,66,79,53,47,30,71,16,88,Civil Engineering
81,75,50,80,86,84,56,84,48,91,Cloud / DevOps
69,63,70,57,25,23,23,16,71,90,Electronics & Communication
57,40,96,85,49,67,56,47,96,74,Electrical Engineering
73,61,40,61,53,69,29,75,82,88,Electrical Engineering
85,86,79,77,31,59,97,83,36,67,Robotics / Automation
94,67,86,68,44,97,13,36,84,31,Electronics & Communication
61,56,54,86,97,58,77,54,63,31,Electrical Engineering
63,56,80,80,58,85,86,33,93,82,Data Science / AI
89,79,58,76,37,76,26,62,80,90,Electrical Engineering
76,58,53,62,89,66,66,68,66,77,Cloud / DevOps
100,65,88,66,15,93,36,82,82,82,Electrical Engineering
88,85,84,81,58,38,73,69,85,53,Robotics / Automation
95,77,95,45,18,95,20,17,66,60,Civil Engineering
